,Count,Nouns_Adjectives_TRIGRAM
1170,102,garage door open
2535,36,rack cable lock
1141,33,garage apartment building
2625,31,rack parking garage
1871,29,locked storage room
1691,29,lock bolt cutter
322,28,basement apartment building
1698,27,lock cable lock
2518,25,rack apartment building
2866,25,secured parking garage
560,23,cable lock rack
3392,23,water bottle holder
2776,23,room apartment building
2519,22,rack apartment complex
130,22,apartment building garage
3323,20,underground parking garage
531,20,cable lock cable
536,20,cable lock cut
1850,19,locked parking garage
697,18,chain link fence
2272,18,parking garage apartment
1914,17,main parking area
2264,16,parking area garage
1096,16,frame rear wheel
237,16,area garage ave
1148,16,garage ave negotiable
2857,15,secure parking garage
2294,15,parking garage rack
564,15,cable lock scene
1156,14,garage cable lock
653,14,car roof rack
1724,14,lock frame wheel
200,14,apartment parking garage
539,14,cable lock frame
121,13,apartment building basement
2286,13,parking garage lock
2999,13,state university campus
3045,13,storage room apartment
2626,13,rack parking lot
2186,13,oregon convention center
1382,13,heavy duty cable
1872,12,locked storage unit
132,12,apartment building lock
732,12,cleveland high school
3350,12,used bolt cutter
1799,12,lock wheel frame
1777,12,lock rear wheel
1319,12,grant high school
577,11,cable lock wheel
1672,11,lloyd center mall
2844,11,second story balcony
3391,11,water bottle cage
2604,10,rack outside apartment
453,10,building cable lock
1594,10,kryptonite cable lock
2584,10,rack lock cable
3197,10,thief cable lock
3102,10,street sign pole
515,10,cable bolt cutter
1793,10,lock tire frame
2306,10,parking lot apartment
3103,10,street sign post
1459,10,hotel parking lot
1142,10,garage apartment complex
2274,9,parking garage building
2452,9,portland state university
939,9,door open overnight
2740,9,residential parking garage
549,9,cable lock lock
229,9,area apartment building
1106,9,frame wheel lock
2704,9,rear wheel frame
400,9,bolt cutter lock
2194,9,outside apartment building
2435,8,porch middle night
93,8,african american male
1081,8,frame cable lock
2674,8,rack wheel frame
3421,8,wheel frame rack
133,8,apartment building locked
2623,8,rack outside workplace
542,8,cable lock ground
592,8,cable wheel frame
1405,8,high school rack
2917,8,sign forced entry
2571,8,rack good karma
2842,8,second floor balcony
818,8,corner sw 5th
2189,8,oregon state university
966,8,duty cable lock
175,7,apartment complex rack
963,7,duke bybee porch
3331,7,unit apartment building
1112,7,franklin high school
2968,7,st 15th ave
1305,7,golden gate park
3019,7,stolen locked garage
2873,7,security camera footage
1294,7,gated parking garage
3422,7,wheel frame rear
3289,7,train station rack
1713,7,lock cut rack
938,7,door open night
223,7,apt building garage
1735,7,lock heavy duty
1637,7,left garage door
188,7,apartment garage rack
1383,7,heavy duty chain
593,7,cable wheel lock
397,7,bolt cutter cable
514,7,bybee porch steel
1645,7,lewis clark college
230,7,area apartment complex
201,7,apartment parking lot
1251,7,garage thief garage
1247,7,garage storage unit
3255,7,tire cable lock
1165,7,garage door garage
3058,7,storage unit apartment
1701,7,lock cable wheel
2427,7,porch cable lock
2442,7,porch steel bar
2196,7,outside apartment door
1101,7,frame tire lock
2777,7,room apartment complex
1853,7,locked rack car
3031,6,storage area building
2296,6,parking garage storage
524,6,cable frame wheel
1761,6,lock parking garage
523,6,cable frame tire
882,6,cycle shop personal
884,6,daniel boone cycle
1653,6,light rail station
177,6,apartment complex street
461,6,building downtown fifth
365,6,black handlebar tape
778,6,complex street killingsworth
2539,6,rack car driveway
1589,6,killingsworth st 15th
408,6,boone cycle shop
708,6,chris king headset
3133,6,sw 5th ave
2897,6,shop personal collection
1172,6,garage door opener
3087,6,street killingsworth st
2644,6,rack secured garage
875,6,cutter cable lock
793,6,container total site
2705,6,rear wheel lock
711,6,church admin office
1699,6,lock cable rack
332,6,basement storage area
3274,6,total site daniel
2589,6,rack lock rack
1693,6,lock broad daylight
2683,6,railing outside apartment
7,6,10 30 pm
554,6,cable lock parking
1720,6,lock frame rack
2203,6,outside bent brick
1723,6,lock frame tire
1033,6,fifth avenue condition
11,6,11th alder morrison
226,6,apt parking garage
2939,6,site daniel boone
864,6,cut bolt cutter
2320,6,parking lot rack
2359,6,personal collection future
91,6,admin office 11th
2693,6,rear rack black
866,6,cut cable lock
3523,6,year old son
529,6,cable lock bolt
176,6,apartment complex storage
2860,6,secure storage area
3413,6,wheel cable lock
2123,6,nw ave northrup
1814,6,locked basement storage
150,6,apartment building storage
1817,6,locked cage locked
949,6,downtown fifth avenue
745,6,collection future houston
343,6,beaverton transit center
2469,6,presbyterian church admin
1822,6,locked car rack
624,6,campus rec center
1127,6,future houston museum
3037,6,storage container total
1857,6,locked rack outside
155,6,apartment cable lock
427,6,brick nw marhsall
1834,6,locked garage door
349,6,bent brick nw
1604,6,kryptonite lock frame
2861,6,secure storage room
1602,6,kryptonite lock cable
127,6,apartment building door
1842,6,locked garage thieve
2147,6,office 11th alder
3325,6,underground parking lot
2455,6,post cable lock
1295,6,gated parking lot
1169,6,garage door night
2847,6,secure apartment building
3425,6,wheel frame wheel
2640,6,rack secure garage
2877,6,security camera thief
1868,6,locked storage area
2774,6,roof rack car
3416,6,wheel frame cable
160,6,apartment complex garage
1806,6,locked apartment building
1153,6,garage broad daylight
1808,6,locked apartment garage
608,6,cage parking garage
2622,5,rack outside work
1697,5,lock cable ground
1695,5,lock cable cut
2581,5,rack kryptonite lock
283,5,avenue capitol hwy
3258,5,tire frame cable
2412,5,police report number
2620,5,rack outside restaurant
1283,5,gate outside apartment
2541,5,rack car house
2391,5,pm cable lock
2544,5,rack car rack
3231,5,thieve entered garage
2534,5,rack cable cut
2491,5,psu campus rec
371,5,black rear rack
1256,5,garage thieve garage
1521,5,hwy multnomah village
2591,5,rack locked garage
2585,5,rack lock cut
3221,5,thief used bolt
1278,5,gate apartment complex
1544,5,inside parking garage
1353,5,hall psu campus
323,5,basement apartment complex
1629,5,laundry room apartment
491,5,building storage room
3187,5,theft security camera
1380,5,heavy cable lock
488,5,building security camera
819,5,corner sw broadway
2679,5,rack work place
1855,5,locked rack lock
3100,5,street sign lock
1104,5,frame wheel cable
1841,5,locked garage thief
631,5,capitol hwy multnomah
1837,5,locked garage lock
1832,5,locked garage ave
1831,5,locked garage apartment
2127,5,nw davis st
1827,5,locked door locked
2869,5,secured storage room
1815,5,locked cable lock
2121,5,nw 20th ave
2195,5,outside apartment complex
1813,5,locked basement apartment
761,5,common area apartment
1102,5,frame tire rack
3096,5,street san francisco
1158,5,garage condo building
646,5,car parking lot
3059,5,storage unit basement
2845,5,second story porch
692,5,chain bolt cutter
2846,5,second wind sw
2216,5,outside la fitness
1044,5,floor apartment building
677,5,center health healing
676,5,center good karma
2793,5,roosevelt high school
3466,5,wind sw avenue
2171,5,open garage door
3030,5,storage area basement
958,5,driveway rack car
2868,5,secured storage area
1864,5,locked room locked
1800,5,lock wheel lock
941,5,door open thief
3055,5,storage room secure
2078,5,new stolen shop
559,5,cable lock post
2318,5,parking lot nw
2086,5,night cable lock
3529,5,yerba buena garden
2978,5,st interstate ave
1215,5,garage middle night
3145,5,sw broadway sw
3525,5,yellow bar tape
787,5,condo storage unit
2710,5,rec center good
1185,5,garage good karma
3143,5,sw avenue capitol
3521,5,year old boy
3157,5,sw park ave
1167,5,garage door lock
1714,5,lock cut stolen
599,5,cage apartment complex
2287,5,parking garage locked
553,5,cable lock outside
1446,4,hood community college
2841,4,second floor apartment
2575,4,rack heavy cable
3265,4,tire lock tire
813,4,corner nw everett
2520,4,rack apt building
836,4,courtyard apartment building
2578,4,rack inside garage
1370,4,hardwood ave arrest
2851,4,secure garage apartment
3259,4,tire frame rack
1426,4,home garage door
723,4,clackamas town center
3251,4,time police report
2894,4,shirt black pant
2537,4,rack cable wheel
3243,4,thule roof rack
754,4,combination cable lock
2898,4,shop store credit
774,4,complex parking garage
2992,4,stair apartment building
975,4,early morning hour
1388,4,heavy duty lock
401,4,bolt cutter rack
800,4,conviction perps return
845,4,credit card fraud
2890,4,shimano spd pedal
3029,4,storage area apartment
398,4,bolt cutter chain
1082,4,frame cable wheel
2824,4,scott community center
3216,4,thief parking garage
3135,4,sw 5th clay
3139,4,sw 5th sw
2652,4,rack storage room
586,4,cable scene lock
585,4,cable rear wheel
517,4,cable combination lock
2662,4,rack train station
2666,4,rack underground parking
574,4,cable lock time
572,4,cable lock thief
571,4,cable lock theft
1200,4,garage lock cable
3149,4,sw downtown portland
566,4,cable lock seat
1246,4,garage storage area
2670,4,rack water bottle
1222,4,garage open hour
3155,4,sw naito parkway
1234,4,garage parking spot
550,4,cable lock minute
1227,4,garage open night
2645,4,rack secured parking
1285,4,gated apartment complex
1288,4,gated backyard interstate
657,4,carbon fiber fork
1029,4,fender rear rack
1038,4,fitness pearl district
460,4,building door building
2785,4,room locked door
1336,4,ground floor building
1335,4,ground cable lock
466,4,building garage rack
3205,4,thief garage door
545,4,cable lock home
475,4,building locked door
1163,4,garage door alley
3089,4,street light pole
481,4,building parking garage
1310,4,good sam hospital
1139,4,garage alley block
1144,4,garage apt building
2631,4,rack portland state
493,4,building sw 5th
1147,4,garage ave fessenden
2727,4,renovo hardwood ave
3267,4,tire rack tire
1767,4,lock police report
1790,4,lock street sign
1,4,00 pm lock
1738,4,lock helmet lock
214,4,apartment storage unit
213,4,apartment storage room
1752,4,lock lock cable
2297,4,parking garage sw
3393,4,water bottle rack
195,4,apartment laundry room
3312,4,tupelo alley apartment
2293,4,parking garage parking
1780,4,lock scene lock
2285,4,parking garage level
2275,4,parking garage cable
3418,4,wheel frame lock
3419,4,wheel frame metal
232,4,area basement apartment
234,4,area cable lock
1719,4,lock frame cable
2329,4,parking sign pole
3369,4,video surveillance camera
246,4,arrest conviction perps
2357,4,perps return frame
263,4,ave arrest conviction
270,4,ave fessenden st
2368,4,piece lock ground
2380,4,place cable lock
2386,4,pm 00 pm
2394,4,pm lock helmet
1612,4,kuat nv rack
296,4,backyard interstate church
2402,4,pole apartment building
1597,4,kryptonite evolution lock
1802,4,lock wheel post
153,4,apartment building thief
151,4,apartment building sw
1987,4,metro station rack
2077,4,new season market
2064,4,near garden home
9,4,11 00 pm
10,4,11 30 pm
2056,4,muni bus rack
2050,4,mt scott community
2049,4,mt hood community
3518,4,yard union station
2027,4,montlake shop store
2112,4,nw 10th ave
2126,4,nw couch st
2003,4,minute later cable
2135,4,nw naito parkway
1988,4,meyer interstate lombard
2149,4,office building nw
1818,4,locked cage parking
3497,4,yakima rack car
1919,4,male black hoodie
94,4,african american man
2224,4,outside powell bookstore
1883,4,lot apartment building
2234,4,pacific college art
1859,4,locked residential garage
123,4,apartment building cable
125,4,apartment building corner
128,4,apartment building fence
1840,4,locked garage rack
140,4,apartment building rack
142,4,apartment building room
3433,4,wheel locked rack
2414,4,polouse police report
2536,4,rack cable rack
354,4,black bar tape
1539,4,inside locked car
2505,4,purple streak giant
363,4,black frame white
378,4,black water bottle
2482,4,private parking garage
334,4,basement storage unit
1540,4,inside locked garage
1554,4,interstate church st
2508,4,quick release wheel
344,4,bed pickup truck
1015,3,fence apartment building
1011,3,fairview rv park
1918,3,maintenance person key
2484,3,private parking space
2828,3,seat gray seat
1917,3,maine corner cumberland
1556,3,irvington school brazee
2205,3,outside coffee shop
1005,3,escape titanium greenway
1016,3,fence cable lock
1018,3,fence outside apartment
1021,3,fenced gated backyard
2206,3,outside cramer hall
2819,3,school parking lot
2816,3,school education corner
1026,3,fenced yard house
1027,3,fender black rack
1913,3,main mode transportation
2197,3,outside apartment lock
2834,3,seat saddle bag
1944,3,march 30th wednesday
2158,3,ohsu center health
1967,3,mckenzie hall south
977,3,east entrance parking
2167,3,open cable lock
982,3,east west college
2176,3,open minute garage
1948,3,market parking garage
986,3,edge hotel sw
988,3,education corner sw
2837,3,seattle central community
1943,3,maplewood train station
1941,3,manor 20th st
1936,3,man door garage
2188,3,oregon locked gated
992,3,employee parking lot
2191,3,oregon worth alot
2814,3,school day school
996,3,entire frame rear
1910,3,main frame cable
2215,3,outside killer burger
1031,3,ferry building cable
2212,3,outside hour fitness
1432,3,home new construction
2225,3,outside public library
1885,3,lot foot traffic
1881,3,loop cable lock
1875,3,locked wheel frame
1084,3,frame heavy duty
1870,3,locked storage locker
2775,3,roof rack wheel
2242,3,park amp ride
1089,3,frame lock rack
1091,3,frame rack cable
1863,3,locked room condo
1097,3,frame serial number
1862,3,locked roof rack
1098,3,frame sign post
1502,3,house inner mlk
1100,3,frame street sign
1856,3,locked rack locked
1847,3,locked laundry room
1077,3,foster daughter black
2780,3,room ground floor
2781,3,room individual storage
1049,3,floor balcony apartment
2809,3,savier streetportland oregon
974,3,early morning august
1043,3,flight stair locked
1900,3,macadam ave wharf
1045,3,floor apartment complex
2804,3,san francisco ferry
2483,3,private parking lot
1898,3,luarel ash apartment
1052,3,floor building door
2221,3,outside nw 20th
1054,3,floor parking garage
1059,3,food grocery store
2220,3,outside minute later
2791,3,room underground garage
2788,3,room secure apartment
2786,3,room morgan building
1069,3,forced entry garage
1070,3,forced entry lock
2155,3,officer correct number
2153,3,office morning south
2855,3,secure garage lock
2154,3,office parking garage
2091,3,night morning lock
2051,3,mt tabor apartment
2926,3,signpost adjacent warehouse
2924,3,sign post outside
2922,3,sign post intact
1449,3,hoodie time small
1468,3,hour fitness pearl
883,3,cycle sticker frame
2099,3,normal giant escape
2920,3,sign post corner
2101,3,north park block
887,3,dark green black
890,3,daughter black specialized
2039,3,motorcycle cable lock
898,3,dead end street
2036,3,morning south waterfront
904,3,deschute brewery love
905,3,description road grey
2035,3,morning lock ground
871,3,cut lock ground
2090,3,night home 25th
2089,3,night garage door
2955,3,specialized hard rock
2972,3,st bart station
2076,3,new season interstate
825,3,correct number 150084736
1463,3,hour cable lock
826,3,corss street broadway
834,3,couple hour lock
1465,3,hour description road
839,3,craft beer market
2509,3,quiet residential street
2938,3,single speed road
2951,3,southern oregon university
2948,3,south waterfront river
2946,3,sort power tool
2945,3,small pizza type
2942,3,skidmore pedestrian bridge
2088,3,night early morning
857,3,cumberland ave elm
2521,3,rack apt complex
2905,3,short dark hair
912,3,disc brake rear
2034,3,morning gate open
961,3,drop handlebar black
2870,3,secured storage unit
2013,3,mississipi ave shaver
2501,3,public market parking
1478,3,hour lock scene
2131,3,nw glisan st
957,3,driveway nw 14th
1442,3,home storage unit
2864,3,secured garage wall
2863,3,secured apartment garage
950,3,downtown pdx sw
2138,3,nw savier streetportland
1993,3,middle night home
2140,3,oak manor 20th
1488,3,house ave beer
2487,3,providence medical center
1438,3,home porch middle
1103,3,frame tire seat
1494,3,house evening hour
951,3,downtown portland corss
2015,3,mlk monroe st
2105,3,note polouse police
2109,3,number 150084736 police
2028,3,morgan building sw
919,3,division 25th reel
2527,3,rack bolt cutter
2889,3,shimano clipless pedal
928,3,door locked storage
2883,3,server male black
2881,3,serial number picture
2879,3,sellwood middle school
936,3,door open minute
2119,3,nw 14th thurman
937,3,door open neighbor
2111,3,nv rack cable
2115,3,nw 13th hoyt
2116,3,nw 14th bouchon
2117,3,nw 14th glisan
2875,3,security camera photo
2118,3,nw 14th street
2871,3,secured underground parking
1845,3,locked gated storage
2475,3,private apartment garage
1506,3,house locked gate
1630,3,laundry room ground
1659,3,lincoln hall cramer
1368,3,happy finder help
2659,3,rack thieve cable
1264,3,garage wall rack
2451,3,portland pearl deschute
2656,3,rack sw corner
1646,3,lewis clark law
2378,3,pizza type box
2655,3,rack sw 10th
1269,3,garage work building
1270,3,garden golden gate
2653,3,rack stretch 14th
1543,3,inside office building
1639,3,left wide open
2646,3,rack security camera
2384,3,plain view verde
1366,3,handlebar white seat
2388,3,pm 40 pm
1284,3,gated apartment community
1660,3,lincoln hall psu
1661,3,lincoln park apt
1662,3,lincoln park zoo
1240,3,garage rear window
2338,3,patio cable lock
1702,3,lock cage cable
1232,3,garage opener car
1374,3,hawthorne blvd 25th
2345,3,pearl deschute brewery
1238,3,garage rack garage
2347,3,pearl district flander
1239,3,garage rack wall
1687,3,lock attached rack
2667,3,rack unitarian church
2348,3,pearl district nw
2673,3,rack wheel fork
1681,3,location 15th dekum
1678,3,lobby work nw
1670,3,lloyd center hollywood
1250,3,garage thief backyard
1663,3,line max train
1252,3,garage thief opened
1631,3,laundry room locked
1625,3,later cable lock
2252,3,park long beach
2392,3,pm cut lock
1552,3,interstate ave garage
2617,3,rack outside office
2616,3,rack outside nw
1325,3,green line max
1328,3,grey color normal
2611,3,rack outside la
2431,3,porch house inner
1332,3,grocery store lock
1333,3,grocery store minute
1570,3,johnson creek blvd
1569,3,johnson creek area
2434,3,porch mall st
1566,3,jeld wen field
2602,3,rack old town
1563,3,jantzen beach rv
2601,3,rack nw corner
2597,3,rack muni bus
1349,3,hall cramer hall
1352,3,hall portland state
2449,3,portland corss street
1598,3,kryptonite evolution mini
1599,3,kryptonite evolution series
2630,3,rack porch house
2582,3,rack laundry room
1296,3,gated storage area
2634,3,rack rear wheel
1300,3,giant escape titanium
2395,3,pm lock rack
2396,3,pm parking meter
1616,3,la fitness pearl
1613,3,la fitness gym
1304,3,glisan hoyt street
1315,3,graham street oregon
1546,3,institue portland pearl
2627,3,rack parking structure
2586,3,rack lock frame
2403,3,pole cable lock
1609,3,kryptonite lock railing
1608,3,kryptonite lock rack
1601,3,kryptonite lock bolt
2408,3,police report field
1230,3,garage open time
2337,3,parkrose transit center
2682,3,railing kryptonite lock
1537,3,inside gate apartment
1807,3,locked apartment complex
1515,3,hoyt street verde
1411,3,hitch mount rack
1159,3,garage condo complex
1160,3,garage corner houghton
2556,3,rack corner sw
1161,3,garage corner st
1162,3,garage cross street
2276,3,parking garage cage
1164,3,garage door driveway
1794,3,lock tire rack
1791,3,lock thief cable
1460,3,hotel sw macadam
1789,3,lock storage unit
2280,3,parking garage condo
1403,3,high school lock
1401,3,high school day
1171,3,garage door opened
2288,3,parking garage maine
2270,3,parking garage accessible
1412,3,hitch rack cable
2733,3,residence location 15th
2761,3,river edge hotel
2438,3,porch railing lock
1427,3,home garage negotiable
1107,3,frame wheel rack
2764,3,road grey color
1109,3,francisco ferry building
1508,3,house night morning
2763,3,riverdale high school
1510,3,house suspect recycling
1823,3,locked car window
2548,3,rack cleveland high
2746,3,restaurant rack stretch
2743,3,restaurant nw 14th
1422,3,home 25th avenue
1820,3,locked camper shell
2738,3,residential garage 30pm
1819,3,locked cage work
1421,3,hollywood transit center
1512,3,house visible street
2722,3,reed college campus
2290,3,parking garage nw
2291,3,parking garage office
1528,3,individual storage locker
2569,3,rack gated parking
1746,3,lock intact rack
2313,3,parking lot interstate
1202,3,garage lock chain
1740,3,lock helmet scene
1210,3,garage maine corner
1739,3,lock helmet rack
1214,3,garage middle day
1732,3,lock ground rack
1750,3,lock kryptonite lock
1731,3,lock ground open
2687,3,rd st vancouver
1728,3,lock ground cable
2458,3,post kryptonite lock
1534,3,inner mlk monroe
1536,3,inside garage door
2331,3,parking signpost adjacent
1710,3,lock cut ground
1387,3,heavy duty kryptonite
2461,3,post outside house
1175,3,garage door thief
2564,3,rack eternal gratitude
1395,3,helmet lock scene
2721,3,red white blue
1177,3,garage early morning
2720,3,red water bottle
2463,3,post school education
1771,3,lock rack cable
1770,3,lock rack apartment
2713,3,recycling 35th holgate
1392,3,helmet cable lock
1755,3,lock master lock
1190,3,garage home new
2566,3,rack ferry building
2708,3,rear window inside
1765,3,lock piece lock
1193,3,garage house suspect
1194,3,garage interstate ave
2298,3,parking garage thief
2706,3,rear wheel seat
2514,3,rack 19th st
2072,3,new construction hour
817,3,corner sw 1st
3175,3,tape rear fender
462,3,building flight stair
467,3,building graham street
468,3,building laundry area
3203,3,thief fenced yard
479,3,building nw 13th
3194,3,thief black male
3193,3,thief backyard garage
489,3,building security gate
495,3,building sw downtown
509,3,bus stop bus
3220,3,thief thieve able
510,3,bus stop sign
516,3,cable clean cut
518,3,cable cut bolt
519,3,cable cut lock
520,3,cable cut rack
522,3,cable frame lock
525,3,cable ground lock
527,3,cable lock bar
528,3,cable lock black
448,3,btw burnside davis
3222,3,thief wheel frame
3162,3,sw taylor st
3249,3,time garage door
369,3,black planet fender
370,3,black plastic fender
3271,3,titanium greenway blue
3268,3,tire repair kit
3264,3,tire lock rest
816,3,corner st interstate
395,3,blvd 25th ave
3252,3,time small pizza
409,3,bottle cage black
3244,3,thurman happy finder
3224,3,thief white male
417,3,bouchon restaurant nw
418,3,boulevard reed college
419,3,box beverage sidewalk
3241,3,thomson seat post
3234,3,thieve locked garage
433,3,broad daylight home
3228,3,thieve apartment building
3226,3,thieve able garage
441,3,broadway sw montgomery
532,3,cable lock car
541,3,cable lock gate
698,3,chain lock scene
650,3,car rack driveway
3113,3,student union building
3109,3,stretch 14th parking
3108,3,streetportland oregon worth
3107,3,street verde cocina
634,3,car cable lock
636,3,car drive way
3097,3,street sign apartment
648,3,car rack cable
3093,3,street plain view
3092,3,street oregon locked
3117,3,sunday march 30th
3085,3,street farmer market
3080,3,street bart station
674,3,center case beer
675,3,center east entrance
678,3,center hollywood meyer
679,3,center main entrance
3070,3,store minute later
687,3,central community college
690,3,cesar chavez blvd
3115,3,sunday afternoon rack
3120,3,sunnyvale caltrain station
543,3,cable lock helmet
584,3,cable rack lock
3158,3,sw park place
3153,3,sw macadam ave
561,3,cable lock rear
562,3,cable lock right
3150,3,sw estuary drive
569,3,cable lock stolen
570,3,cable lock street
575,3,cable lock tire
578,3,cable lock work
588,3,cable tire frame
3128,3,suspect recycling 35th
589,3,cable tire lock
591,3,cable wheel cable
3138,3,sw 5th street
3137,3,sw 5th st
3136,3,sw 5th morrison
598,3,cage apartment building
3134,3,sw 5th avenue
3131,3,sw 10th morrison
605,3,cage locked garage
366,3,black hoodie time
3283,3,trader joe parking
360,3,black fender rear
107,3,alley block simpson
3485,3,work parking garage
73,3,abus bordo lock
3484,3,work nw 14th
3482,3,work cable lock
3481,3,woodstock boulevard reed
79,3,access storage room
90,3,adjacent warehouse driveway
3461,3,white seat white
105,3,alley apartment building
116,3,apartment ash rack
69,3,abernethy elementary school
3444,3,white blue accent
3443,3,wheel underground parking
129,3,apartment building flight
131,3,apartment building hallway
136,3,apartment building outside
3437,3,wheel quick release
3436,3,wheel post cable
149,3,apartment building stairwell
161,3,apartment complex key
70,3,able garage home
3491,3,world trade center
3291,3,transit center case
38,3,20th ave btw
3532,3,young white male
3,3,00 pm sunday
4,3,10 00 pm
18,3,14th bouchon restaurant
20,3,14th glisan hoyt
21,3,14th parking signpost
22,3,14th street plain
23,3,14th thurman happy
25,3,150084736 police report
3507,3,yard house corner
3492,3,worth alot recognition
42,3,24th ave harrison
43,3,25th ave rack
44,3,25th avenue emerson
45,3,25th overton area
46,3,25th reel inn
47,3,26th upshur private
48,3,28th burnside chopstick
52,3,30th wednesday april
3495,3,yakima hitch rack
164,3,apartment complex lincoln
191,3,apartment gated garage
3398,3,wednesday april luarel
3340,3,university medical center
269,3,ave elm street
271,3,ave garage interstate
272,3,ave good karma
3347,3,upshur private garage
277,3,ave parking garage
278,3,ave pine st
282,3,ave wharf building
285,3,avenue emerson sumner
3341,3,university park block
289,3,avenue thompson tillamook
3396,3,waterfront river edge
3339,3,university campus rack
304,3,backyard visible street
308,3,balcony apartment building
309,3,balcony apartment complex
319,3,bar tape white
3314,3,type box beverage
335,3,basket rear rack
338,3,beach rv park
350,3,beverage sidewalk willing
265,3,ave btw burnside
264,3,ave beer gratitude
3361,3,verde cocina restaurant
3362,3,verde cocina server
3390,3,warehouse driveway nw
211,3,apartment storage area
215,3,apartment sw 10th
216,3,apartment sw estuary
3380,3,vineyard development aloha
221,3,april luarel ash
222,3,apt building basement
3379,3,village west university
3378,3,village lovejoy fountain
3376,3,view verde cocina
3375,3,view security camera
233,3,area building graham
3374,3,view public gated
3373,3,video white male
241,3,area security camera
247,3,art institue portland
249,3,asa flat loft
251,3,ash apartment ash
253,3,ash rack laundry
691,3,cesar chavez lincoln
3260,3,tire frame tire
749,3,color normal giant
772,3,complex lincoln park
810,3,corner nw 13th
3050,3,storage room individual
3047,3,storage room building
3043,3,storage locker stolen
806,3,corner houghton ave
805,3,corner cumberland ave
2993,3,stair locked door
720,3,city view apartment
3036,3,storage cage parking
764,3,community college cascade
792,3,construction hour description
803,3,cornelius pass roadhouse
794,3,controlled access garage
735,3,cocina restaurant rack
736,3,cocina server male
3014,3,stolen closed garage
2984,3,st parking garage
3023,3,stolen office morning
798,3,convention center mlk
3020,3,stolen locked residential
746,3,college cascade campus
747,3,college parking lot
748,3,colonel summer park
811,3,corner nw couch
796,3,convention center east
2426,2,porch apartment porch
2317,2,parking lot newpark
2325,2,parking meter aaa
2324,2,parking lot work
2323,2,parking lot truck
3377,2,village apartment avenue
2322,2,parking lot safeway
2321,2,parking lot residential
2985,2,st parking lot
2927,2,signpost market st
2436,2,porch minute new
3311,2,tumbler lock scene
2319,2,parking lot pacific
2928,2,silver edge bar
2929,2,silver water bottle
3381,2,visible street gate
2931,2,sinai med center
3382,2,vista apartment cage
3383,2,wall bolt cutter
2316,2,parking lot minute
2315,2,parking lot lock
2314,2,parking lot kennedy
2930,2,similar roof rack
2312,2,parking lot hitch
2437,2,porch private residence
2311,2,parking lot hawthorne
3310,2,tuesday morning lock
2310,2,parking lot division
2309,2,parking lot corner
3384,2,wall cable lock
2925,2,signal dinner lot
2986,2,st san francisco
2326,2,parking meter post
2327,2,parking meter sidewalk
2904,2,short blonde hair
3364,2,veteran hospital rd
2921,2,sign post hour
3365,2,video able video
2341,2,pcc cascade campus
2990,2,st virginia ave
3366,2,video cable lock
2340,2,payday loan uk
2339,2,patio rail august
3367,2,video camera video
3368,2,video showing garage
2903,2,short blond hair
2336,2,parking structure suspect
3313,2,ty dent left
2335,2,parking structure market
2334,2,parking spot morning
2989,2,st stop sign
2333,2,parking spot car
2332,2,parking spot apartment
3370,2,video surveillance incident
3371,2,video surveillance theft
3372,2,video theft tinyurl
2330,2,parking sign post
2988,2,st saturday morning
2328,2,parking rack pm
2987,2,st santa clara
2923,2,sign post kryptonite
2308,2,parking lot car
2307,2,parking lot building
2991,2,st william vancouver
3306,2,tualatin park lot
3308,2,tubeless stock orbea
3406,2,west university apartment
2284,2,parking garage home
2283,2,parking garage good
2282,2,parking garage downtown
2443,2,porch street sure
2281,2,parking garage cut
3307,2,tube driveside chainstay
3407,2,wet weather structure
3408,2,wharf rack similar
3409,2,wheel american classic
3410,2,wheel attached rack
2444,2,porch thief cable
2279,2,parking garage classic
3385,2,wall kryptonite lock
3411,2,wheel bell coil
3412,2,wheel bontrager r3
2278,2,parking garage car
2277,2,parking garage camera
3414,2,wheel cable rear
3415,2,wheel fork masterlock
3417,2,wheel frame hooked
3420,2,wheel frame parking
2935,2,single speed cyclocross
3423,2,wheel frame street
2273,2,parking garage apt
3424,2,wheel frame structure
2271,2,parking garage alder
3405,2,west main street
3404,2,west college oregon
3403,2,weniger hall student
3402,2,welcome police report
3386,2,wall location rear
2305,2,parking lot adjacent
2304,2,parking lot 00
2303,2,parking kiosk nw
2439,2,porch railing right
2302,2,parking garodge floor
2301,2,parking garage workplace
3387,2,wall mount cable
2300,2,parking garage work
2299,2,parking garage trek
2440,2,porch salmon st
3388,2,wall neighboring garage
3389,2,wall tire chrome
2932,2,single family home
3394,2,waterfront park bikerack
3395,2,waterfront pearl nw
2295,2,parking garage security
2933,2,single family residence
3397,2,wave book store
2934,2,single red aluminum
3399,2,week year circumstance
2292,2,parking garage overnight
3400,2,weekend double gated
2441,2,porch second floor
3401,2,weeride kangaroo child
3309,2,tubeless wheel bontrager
2289,2,parking garage negotiable
2342,2,pcc southeast campus
2343,2,pdx sw morrison
2425,2,porch apartment lock
3337,2,university campus corner
3330,2,unique 2004 carrera
3332,2,unit basement apartment
3333,2,unit cage entrance
2428,2,porch floor apartment
3334,2,unit kryptonite cheap
3335,2,unit storage unit
2401,2,pod locking mechanism
2429,2,porch good karma
2400,2,pm twin rockrider
3336,2,university arizona college
2399,2,pm security camera
2398,2,pm saturday night
2397,2,pm rack outside
3338,2,university campus lock
2385,2,plaza condominium 1st
2906,2,showing garage second
2393,2,pm house day
2907,2,sidewalk cable lock
2908,2,sidewalk cable ubolted
2909,2,sidewalk mom block
2390,2,pm apartment complex
2430,2,porch house babysit
2389,2,pm 45 pm
3342,2,university pennsylvania campus
2910,2,sidewalk parking meter
3343,2,university santa cruz
2996,2,star park garage
2387,2,pm 11 00
3329,2,union bank tower
2404,2,pole chain link
2405,2,pole morning lock
2406,2,pole thieve adult
2424,2,porch apartment building
2423,2,porch 37th hawthorne
2422,2,porch 35th madison
3318,2,ultegra carbon tubeless
2421,2,popular video showing
2420,2,poor college student
2419,2,poor college kid
2418,2,pool hug gratitude
2417,2,pony soldier inn
2416,2,polouse surveillance video
2415,2,polouse ring seattle
3319,2,ultegra speed black
3320,2,unattended yard house
2413,2,polk central hudson
3321,2,underground garage apartment
2411,2,police report night
3322,2,underground garage building
2410,2,police report line
2409,2,police report file
3000,2,state university entrance
2998,2,state university broadway
3324,2,underground parking lock
3326,2,underground secure parking
2997,2,state university bookstore
3327,2,undying gratitude cash
2407,2,police report case
3328,2,unforced entry basement
3344,2,unknown gate entry
3345,2,unnamed dirt road
3363,2,version model metal
2353,2,pen zip ty
2362,2,pic romin saddle
2361,2,photo stock photo
2994,2,stair second floor
2360,2,peugeot broad daylight
3354,2,valley high school
3355,2,van ness post
2432,2,porch kryptonite lock
2358,2,person locked garage
3356,2,van tool spare
2356,2,perp storage area
2355,2,perp purple mountain
3357,2,vancouver lion hotel
2354,2,perp cable lock
3358,2,vehicle adjacent similar
3346,2,upper floor apartment
2352,2,pedego rack small
3426,2,wheel identical laundry
2350,2,pedal aliante saddle
3316,2,ulock frame cable
2349,2,pearl nw naito
3359,2,vehicle hitch rack
3315,2,ucla faculty apartment
3360,2,vehicle lit outdoor
2918,2,sign ground lock
2346,2,pearl district corner
2919,2,sign pole outside
2433,2,porch main st
2344,2,pea bakery stark
2363,2,pic video theft
2364,2,pickup tie yard
2365,2,picture actual model
2366,2,picture serial number
2383,2,place sw 5th
2911,2,sidewalk rack sw
2382,2,place rack vehicle
2381,2,place lock helmet
2912,2,sidewalk street post
2379,2,place aparment del
2913,2,sidewalk street sign
3348,2,urban center plaza
3317,2,ulock wheel frame
3349,2,use main mode
2377,2,pitched bell right
2376,2,pipe garage open
2375,2,pipe concrete wall
2374,2,pioneer square rd
2373,2,pioneer place sw
2372,2,pine colleague yard
2914,2,sight bridge vancouver
2371,2,pike downtown seattle
2370,2,pier pool hug
2369,2,piece pen zip
2915,2,sign apartment building
2367,2,picture teenager walking
2916,2,sign cable wheel
3351,2,uw health science
3352,2,va hospital address
3353,2,valet parking garage
2995,2,staircase apartment complex
2351,2,pedal kenton dumbass
2826,2,season 20th division
3427,2,wheel lock cable
2957,2,speed road mt
3498,2,yakima roof rack
2152,2,office crocker gallerium
2151,2,office building sw
2150,2,office building rack
3499,2,yamhill st 40th
2148,2,office building garage
3500,2,yard apartment complex
2146,2,odyssey pedal aliante
2145,2,october sunday october
2144,2,occupant address combination
2143,2,oakdale square apartment
3501,2,yard cable lock
3502,2,yard camp storm
2142,2,oak st virginia
2141,2,oak red black
2976,2,st east street
2139,2,nw street couch
3503,2,yard early morning
3504,2,yard east street
2137,2,nw raleigh st
2136,2,nw park ave
3505,2,yard fence pm
2134,2,nw marshall st
2133,2,nw hoyt street
2132,2,nw hoyt st
2958,2,splash guard screw
2130,2,nw flander st
2959,2,spokane information recovery
2129,2,nw everett street
3496,2,yakima rack cable
2156,2,ohio state campus
3428,2,wheel lock frame
2157,2,ohsu campus va
3487,2,work stock photo
3488,2,work wall mount
2182,2,orange yepp seat
2181,2,opposite burgermeister restaurant
2180,2,opened week year
3489,2,workplace dewitty center
2179,2,open thing missing
2178,2,open parking garage
2177,2,open overnight thief
3490,2,workplace old town
2175,2,open hour time
2174,2,open garage white
2173,2,open garage townhouse
2172,2,open garage owner
2977,2,st hollywood hour
2170,2,open garage broad
2169,2,open door lock
2168,2,open crow bar
2956,2,speed black riser
2166,2,onguard lock frame
2165,2,onguard bulldog dt
2164,2,old town transit
2163,2,old town florist
2162,2,old tan jacket
3493,2,wtc bldg area
2161,2,old speed road
2160,2,old son stolen
2159,2,old blue road
3494,2,yakima car rack
2128,2,nw everett nw
2960,2,spot car seat
2125,2,nw corner sw
2124,2,nw corner 38th
2098,2,noma metro station
2097,2,nokomis lake beach
2096,2,noah bagel shop
2095,2,night thief gate
2094,2,night sunday morning
2093,2,night outside apartment
2975,2,st drainpipe apartment
2974,2,st cullen st
3522,2,year old hispanic
2092,2,night officer correct
2973,2,st cross street
3524,2,year old tan
3526,2,yellow handlebar tape
3527,2,yellow odyssey pedal
3528,2,yerba buena center
2087,2,night corner nw
3530,2,yoga class car
2085,2,night bolt cutter
2084,2,night august lock
2083,2,night august early
2082,2,nicer shirt line
3531,2,young black male
2081,2,newseason market concordia
2080,2,newpark hotel cable
2079,2,new ultegra carbon
2969,2,st 24th 25th
2970,2,st 40th 41st
2971,2,st 50th ave
2075,2,new season 20th
2967,2,st 13th ave
2100,2,norris st vancouver
2966,2,st 10 30
3512,2,yard locked gate
2122,2,nw 25th ave
2961,2,square rd ave
2962,2,squirt gun bar
2120,2,nw 15th ave
3506,2,yard fenced gate
2963,2,sram apex dura
3508,2,yard house gate
2964,2,sram rival component
3509,2,yard house minute
3510,2,yard house night
2114,2,nw 13th ave
2113,2,nw 11th ave
3511,2,yard lock gate
2110,2,number wheel frame
2965,2,sram xx crank
3513,2,yard middle night
3514,2,yard old speed
3515,2,yard privacy fence
2108,2,novara circle locking
2107,2,nov black schwinn
2106,2,noticed video surveillance
3516,2,yard property night
2104,2,northeast burnside road
3517,2,yard quiet residential
3519,2,yard work stock
3520,2,year circumstance certain
2103,2,northeast broadway 13th
2102,2,north rock mountain
2183,2,orbea cockpit shimano
2954,2,speakeasy bar east
2184,2,orbea orca bronze
3458,2,white rack rear
2982,2,st oregon dollar
2253,2,park metro station
2981,2,st nice neighbourhood
3445,2,white driveway white
2251,2,park jantzen beach
3446,2,white ford hybrid
2250,2,park good karma
2249,2,park dwight kilpatrick
3447,2,white frame blue
2248,2,park duluth mn
2247,2,park downtown portland
3448,2,white giro helmet
2246,2,park block pearl
3449,2,white grip brake
2943,2,skill locked door
3450,2,white male black
2245,2,park block columbia
3451,2,white male blue
2244,2,park bikerack fountain
2243,2,park apartment overton
3452,2,white male late
3453,2,white male mid
3454,2,white male royal
3455,2,white male short
2241,2,padlock lock metal
2240,2,padlock hour trace
3456,2,white north rock
2239,2,padlock bolt cutter
3457,2,white purple streak
2941,2,skidmore fountain max
2940,2,size medium large
2254,2,park oregon city
2937,2,single speed rear
2269,2,parking garage 34th
2268,2,parking garage 1st
2267,2,parking deck lock
3429,2,wheel lock helmet
3430,2,wheel lock place
2936,2,single speed mountain
2266,2,parking deck cable
2446,2,porch yamhill st
3431,2,wheel lock scene
3432,2,wheel lock wheel
3434,2,wheel main frame
3435,2,wheel motorcycle cable
2265,2,parking area storage
2983,2,st palo alto
2255,2,park place aparment
3438,2,wheel rack wheel
2263,2,parking apartment building
2262,2,parked rack outside
3439,2,wheel seat tube
2261,2,parkdale hood river
2260,2,park train station
2259,2,park swimming pool
3440,2,wheel shop shorewood
2258,2,park sw st
3441,2,wheel theft pm
2257,2,park sw park
2256,2,park place park
3442,2,wheel thief wheel
2944,2,skin year old
2238,2,pad lock cage
2185,2,orca bronze gray
2237,2,packed pickup tie
2209,2,outside friend apartment
2208,2,outside fox tower
3472,2,window wire cutter
2207,2,outside doug fir
3473,2,wire cutter cable
3474,2,wire cutter lock
3475,2,wire lock bar
3476,2,witness african american
2204,2,outside cable lock
3477,2,woman car rack
3478,2,woman version model
3479,2,wooden beam outdoor
2979,2,st kearny st
2202,2,outside bank hancock
2201,2,outside baghdad 37th
2200,2,outside art museum
2199,2,outside apt building
2198,2,outside apple store
3480,2,wooden fence post
2949,2,south west corner
2950,2,southeast campus parking
3483,2,work cascade cycling
2193,2,outside academy science
2192,2,outdoor parking lot
2190,2,oregon university campus
2952,2,southwest corner intersection
3486,2,work parking lot
2187,2,oregon dollar free
2953,2,spd pedal kenton
2210,2,outside grant pool
2211,2,outside harvey comedy
3471,2,window rear window
2226,2,outside speakeasy bar
2980,2,st lock rack
2236,2,pacific tower apt
2235,2,pacific place mall
3459,2,white seat black
2233,2,owner library home
2232,2,owner 10 10
3460,2,white seat rack
2231,2,overton park apartment
2230,2,outsider local resident
3462,2,white trek hybrid
2229,2,outside yoga studio
2228,2,outside title wave
2227,2,outside thirsty lion
3463,2,white wall tire
2213,2,outside house ohsu
3464,2,white woman trek
2223,2,outside place work
2222,2,outside pioneer place
3465,2,wife trek friend
3467,2,window alarm camera
2219,2,outside mercer st
2218,2,outside liquor store
3468,2,window garage door
2217,2,outside laurelhurst theater
3469,2,window inside garage
2947,2,south block west
3470,2,window mins later
2214,2,outside house outside
2445,2,porch visible street
2901,2,shore wheel shop
2447,2,port visible street
2719,2,red ultegra speed
2717,2,red lion river
2716,2,red bottle cage
2715,2,red black cafe
2714,2,red aluminum chain
2854,2,secure garage harrison
3141,2,sw ave downtown
2712,2,recovery question time
2711,2,receipt serial number
3142,2,sw ave oak
3144,2,sw avenue portlandmajor
2709,2,rear window vehicle
3034,2,storage building laundry
3146,2,sw building pm
2856,2,secure garage rack
2707,2,rear wheel white
3147,2,sw clay street
3033,2,storage area fob
2858,2,secure parking lot
2703,2,rear wheel bell
3148,2,sw corner liberty
2702,2,rear view mirror
2859,2,secure room apartment
2701,2,rear triangle frame
2700,2,rear tire rear
2699,2,rear shimano trp
2698,2,rear rack water
2697,2,rear rack shimano
2696,2,rear rack seat
2695,2,rear rack fender
2718,2,red mountainsmith lumbar
3140,2,sw ash st
3118,2,sunday monday morning
3035,2,storage cage open
3119,2,sunday night morning
3041,2,storage locker lock
3121,2,surly cross check
2732,2,residence building negotiable
2731,2,research building university
2730,2,report serial number
2729,2,report night officer
3122,2,surly cross psu
2728,2,report case number
3123,2,surveillance camera burgermeister
3124,2,surveillance camera footage
2726,2,release rear axle
3125,2,surveillance camera rack
3126,2,surveillance footage individual
3127,2,suspect pipe concrete
3040,2,storage locker condo
3129,2,suspect white male
2848,2,secure apartment complex
3130,2,sw 10th 11th
2725,2,reflection happy valley
3132,2,sw 1st ave
2724,2,reed college woodstock
2849,2,secure area apartment
2850,2,secure car park
3039,2,storage locker basement
2852,2,secure garage building
2723,2,reed college rack
3038,2,storage duplex near
2853,2,secure garage condo
3151,2,sw harbor way
2694,2,rear rack car
3032,2,storage area condo
2692,2,rear rack bell
2669,2,rack wall bolt
2668,2,rack vehicle adjacent
2865,2,secured parking area
3024,2,stolen outside house
3169,2,tabor neighborhood lincoln
3022,2,stolen middle night
2665,2,rack underground garage
3170,2,tan jacket light
2664,2,rack ucsd campus
2663,2,rack transit center
2867,2,secured residential parking
2661,2,rack tire lock
2660,2,rack time theft
3021,2,stolen locked room
2658,2,rack thief wheel
2657,2,rack sw hall
3171,2,tanasbourne mall stucki
2654,2,rack sunrise mall
3172,2,tape bar end
3173,2,tape brooks saddle
2651,2,rack southeast corner
2650,2,rack south end
2649,2,rack small suv
2648,2,rack similar roof
2647,2,rack shopping center
3174,2,tape colors bridge
3176,2,target parking lot
3177,2,taylor 13th talk
2643,2,rack secured apartment
3168,2,swimming pool area
3025,2,stolen rack outside
3167,2,sweet pea bakery
2681,2,rail secured residential
3028,2,stop sign post
3152,2,sw harrison broadway
2691,2,rear parking lot
2690,2,rear pannier rack
2689,2,rear fender piece
2688,2,rear deck mobile
2686,2,rd lake oswego
3154,2,sw morrison sw
2685,2,rd ave max
2684,2,ranger likely stolen
3156,2,sw oak sw
2862,2,secured apartment building
3159,2,sw park sw
2680,2,radon backyard sure
2671,2,rack weniger hall
3160,2,sw st clair
3161,2,sw st parking
2678,2,rack work parking
3027,2,stop sign pole
2677,2,rack winterhaven school
2676,2,rack white ford
2675,2,rack wheel way
3026,2,stop sign corner
3163,2,sw terwilliger blvd
3164,2,sw veteran hospital
3165,2,sw virginia avenue
3166,2,sweatshirt driveway male
2672,2,rack westlake ave
2734,2,residence montana street
2735,2,residence secure parking
3179,2,tenant garage door
3053,2,storage room multiple
2831,2,seat post theft
2832,2,seat rack couple
2803,2,sam hospital right
2802,2,salmon st oregon
2833,2,seat rear frame
2801,2,safeway parking lot
2800,2,safeway parking garodge
3052,2,storage room metal
2799,2,safeway grocery store
3072,2,store minute outside
2798,2,saddle inner tube
2797,2,saddle black tube
2796,2,sabin elementary school
2795,2,rv park long
3073,2,story balcony railing
2794,2,royal blue sweatshirt
3074,2,story balcony thief
2792,2,roommate garage door
3075,2,streak giant frame
2790,2,room similar lock
2789,2,room secure building
3076,2,streak giant main
2787,2,room private cage
3077,2,street 13th avenue
3078,2,street 5th avenue
3079,2,street ave 196th
2835,2,seat time theft
2784,2,room locked building
2783,2,room locked apartment
3071,2,store minute lock
2805,2,san francisco pm
3042,2,storage locker open
2806,2,sandy blvd broadway
2825,2,se14th taylor lock
3057,2,storage room underground
2823,2,schwinn ranger likely
2827,2,season market parking
3060,2,storage unit break
2822,2,schwinn cruiser porch
3061,2,storage unit condo
2821,2,schwalbe marathon tire
2820,2,school sw terwilliger
3062,2,storage unit door
3054,2,storage room private
2818,2,school ground rack
2817,2,school fernwood campus
2829,2,seat post black
3063,2,storage unit kryptonite
3064,2,storage unit secure
2815,2,school design benefit
2830,2,seat post silver
3065,2,storage unit storage
3066,2,storage unit underground
2813,2,school 28th division
3067,2,store cable cut
2812,2,schnitzer concert hall
2811,2,scene diego pd
2074,2,new peugeot broad
3068,2,store east knott
3069,2,store lock frame
2808,2,saucer 30th killingsworth
2807,2,saturday morning april
2782,2,room kryptonite lock
3081,2,street beaverton hillsdale
3082,2,street coffee shop
3083,2,street couch davis
2843,2,second floor deck
3046,2,storage room basement
2760,2,river county sheriff
2759,2,riva park apartment
2758,2,riser bar deda
2757,2,ring seattle spokane
2756,2,ring lock cable
2755,2,rims hub yellow
2754,2,rim gatorskin tire
2753,2,right high school
2752,2,right handlebar white
2751,2,ride lock area
2750,2,ride friend porch
2749,2,rhode island school
2748,2,return minute later
3110,2,structure market street
2747,2,return arrest conviction
3111,2,structure suspect pipe
2745,2,restaurant pub noticed
2744,2,restaurant pm lock
3112,2,stucki cornell evergreen
2742,2,restaurant corner hoyt
2741,2,rest frame wheel
3044,2,storage pod street
2739,2,residential home brooklyn
3114,2,stuff large white
2737,2,residential complex rack
2736,2,residential building garage
3116,2,sunday couple hour
2762,2,river sight bridge
3106,2,street vancouver respect
3105,2,street university portland
2770,2,rock window alarm
2779,2,room cable lock
2778,2,room apt building
3084,2,street cross street
2836,2,seat white rack
3086,2,street hour thief
3088,2,street lamp pole
3090,2,street light post
3091,2,street night 25th
3051,2,storage room locked
2773,2,roof rack cable
2772,2,romin saddle inner
2838,2,seattle community college
2771,2,rodney locked garage
2769,2,rock mountain car
3048,2,storage room door
2768,2,rock gym burnside
2767,2,road picture teenager
2839,2,seattle university campus
3094,2,street pub opposite
3095,2,street public library
2766,2,road mt fuji
2840,2,second cable lock
3098,2,street sign corner
3099,2,street sign ground
3101,2,street sign overnight
3049,2,storage room home
2765,2,road max station
3104,2,street south killingsworth
3178,2,taylor lock wheel
3180,2,test ride id
2448,2,portland art museum
3262,2,tire lock lock
2893,2,shirt black baseball
3266,2,tire rack frame
2517,2,rack apartment bldg
2516,2,rack apartment basement
2515,2,rack 3rd floor
3004,2,steel cable cut
3269,2,tire seat white
3270,2,tire white stripe
2513,2,rack 16th street
2512,2,rack 16th mission
3003,2,stationary mobile home
2511,2,rack 14th trip
3272,2,title wave book
2510,2,r3 tubeless stock
3273,2,topeak rear rack
3275,2,tower parking garage
3276,2,town center mall
2507,2,quick release tire
2506,2,quick release rear
3277,2,town center north
2504,2,purple mountain apartment
2503,2,pump yard gate
2502,2,public school ground
3278,2,town disturbing text
2500,2,public library central
3279,2,town morning friday
2499,2,public gated garage
2498,2,pub opposite burgermeister
2497,2,pub noticed video
3263,2,tire lock rack
2522,2,rack bank america
2545,2,rack car street
3261,2,tire lock frame
2543,2,rack car parking
2887,2,sheriff attempted sale
3245,2,thursday night sunday
2542,2,rack car locked
3246,2,tie yard camp
2540,2,rack car home
3247,2,tillamook left garage
3248,2,time close midnight
2888,2,shimano clip pedal
2538,2,rack car drive
3250,2,time hook open
3006,2,steel post locked
3005,2,steel carbon fiber
3253,2,time theft black
3254,2,tinyurl com note
2533,2,rack cable car
2532,2,rack busy parking
2531,2,rack bus stop
3256,2,tire flat time
2530,2,rack building foot
2529,2,rack broad daylight
2528,2,rack bottle holder
3257,2,tire fork frame
2891,2,shimano trp cx9
2526,2,rack black plastic
2525,2,rack black pannier
2892,2,shimano ultegra wheel
2524,2,rack best western
2523,2,rack basement apartment
2496,2,pub carl street
2495,2,psu urban center
2494,2,psu shattuck hall
2493,2,psu miller library
2467,2,powell bookstore sw
2466,2,post theft deterrent
3292,2,tree cable lock
2465,2,post superb delight
2464,2,post silver edge
3293,2,tree mall entrance
2462,2,post right corner
2900,2,shop work cascade
2460,2,post office rack
3294,2,tree nokomis lake
2459,2,post lock frame
3295,2,trek efx7 fuel
2457,2,post chain link
2456,2,post cannondale lock
3296,2,trek friend garage
3297,2,trek fuel ex
2454,2,post cable frame
3298,2,trek mountain good
3299,2,tri met bus
2453,2,portlandmajor cross street
3300,2,trip hotel parking
3301,2,trip return january
3056,2,storage room secured
3302,2,trp cx9 brake
3303,2,truck bed home
2902,2,short black haird
2450,2,portland parking lot
3304,2,truck confine gated
3305,2,truck yard work
2468,2,power tool lock
2470,2,present girlfriend ride
3290,2,trainer stationary mobile
2481,2,private parking area
2492,2,psu campus smith
3280,2,town transit center
2895,2,shirt line pm
2490,2,psu campus rack
2489,2,psu campus lincoln
2488,2,psu campus broadway
2896,2,shop parking lot
2486,2,proof ownership receipt
3281,2,trade center downtown
2485,2,private secured parking
3282,2,trader joe halsey
3002,2,station cable lock
3001,2,state university lock
2480,2,private garage thief
2471,2,preston meadow neighborhood
2479,2,private garage key
3284,2,traffic independence day
2478,2,private garage addition
2477,2,private communal garage
2476,2,private cage pad
3285,2,traffic sign post
2899,2,shop test ride
3286,2,traffic signal dinner
2474,2,privacy fence thief
3287,2,trail abandoned building
2473,2,privacy fence gate
3288,2,trailer hitch rack
2472,2,previous occupant address
2886,2,sheraton wharf rack
2546,2,rack car work
2642,2,rack secure room
2619,2,rack outside powell
2618,2,rack outside pacific
3200,2,thief door garage
3201,2,thief entered gate
2615,2,rack outside mercer
2614,2,rack outside market
3202,2,thief fence lock
2613,2,rack outside lock
2612,2,rack outside library
2876,2,security camera security
3204,2,thief garage car
2610,2,rack outside hour
2609,2,rack outside engineering
3015,2,stolen fenced yard
2608,2,rack outside east
3206,2,thief garage open
3207,2,thief garage store
2607,2,rack outside classroom
2606,2,rack outside cafe
2605,2,rack outside bar
3208,2,thief gate lock
2603,2,rack oregon state
2878,2,security video white
3209,2,thief gate locked
2600,2,rack north street
2599,2,rack noma metro
2598,2,rack nj transit
3210,2,thief lock bolt
2596,2,rack multnomah county
3211,2,thief lock cable
3199,2,thief cut cable
3198,2,thief camera lock
2547,2,rack city national
2621,2,rack outside von
2641,2,rack secure parking
3181,2,text neighbor burglar
3182,2,theft apartment building
2639,2,rack safeway broadway
2638,2,rack roof car
2637,2,rack right outside
2636,2,rack resort casino
3183,2,theft busy street
3184,2,theft cable lock
3185,2,theft garage open
2635,2,rack residence hall
3186,2,theft place pm
2633,2,rack rear car
3018,2,stolen inside car
2632,2,rack private residence
3188,2,theft tinyurl com
3189,2,theif rock window
2872,2,security camera area
3190,2,theif window wire
2629,2,rack pm lock
2628,2,rack place pet
3191,2,thief able lock
3192,2,thief access locked
3017,2,stolen home garage
2874,2,security camera lock
2624,2,rack parked car
3195,2,thief building garage
3196,2,thief building room
3016,2,stolen garage wall
2595,2,rack morning lock
2594,2,rack metro station
3212,2,thief lock gate
3213,2,thief neighbor house
2568,2,rack garage apartment
3232,2,thieve foot eating
3233,2,thieve garage item
2567,2,rack frame tire
2565,2,rack fender light
3235,2,thieve locked storage
3236,2,thieve parking garage
2563,2,rack elementary school
3237,2,thieve pod locking
2562,2,rack east building
2561,2,rack doug fir
2560,2,rack dorm morning
2559,2,rack cut lock
2558,2,rack cup saucer
3238,2,thieve storage unit
2557,2,rack couple dings
3239,2,thing missing popular
3240,2,thompson tillamook left
2884,2,sewer pipe garage
2555,2,rack corner nw
2554,2,rack convention center
2553,2,rack condo complex
2552,2,rack combo lock
2551,2,rack college student
3242,2,thule hitch rack
2885,2,shaver apartment building
2550,2,rack college campus
2549,2,rack closest st
3007,2,stem seat post
2882,2,serial number report
2570,2,rack georgia tech
3230,2,thieve cable lock
3011,2,sticker serial number
2593,2,rack mall entrance
2592,2,rack long beach
3214,2,thief open door
2590,2,rack locked apt
3215,2,thief opened garage
2588,2,rack lock ground
2587,2,rack lock grinder
3217,2,thief scaled cage
3218,2,thief secured garage
3013,2,stock photo wheel
2583,2,rack light rail
3219,2,thief steel cable
3012,2,stock orbea cockpit
3223,2,thief wheel rest
3229,2,thieve building cage
2580,2,rack kryptonite cable
3010,2,sticker seat post
2579,2,rack integrated key
3009,2,step corner madison
2577,2,rack high school
3225,2,thief yard gate
2576,2,rack helmet lock
2880,2,senior center 40th
2574,2,rack health science
2573,2,rack grant park
2572,2,rack goodwill broadway
3227,2,thieve adult kid
3008,2,stem single red
2810,2,scaled cage eve
0,2,00 pm dark
2073,2,new house hawthorne
702,2,charle schwab building
704,2,cheap aluminum storage
705,2,choice homemade cupcake
706,2,chopstick 28th burnside
707,2,chopstick key time
709,2,chris king hub
710,2,chrome fork rear
712,2,church parking lot
713,2,circle locking post
714,2,circumstance certain garage
715,2,city center parking
716,2,city golf course
717,2,city hall rack
718,2,city metro station
719,2,city national plaza
721,2,city vista apartment
722,2,civic center bart
724,2,clark college campus
725,2,clark law school
726,2,clark shuttle bus
703,2,cheap alley house
701,2,chapin park oregon
728,2,classic gary mt
700,2,chain wheel underground
669,2,cedar sinai med
670,2,ceiling beam patio
671,2,cellar compartment night
672,2,center 00 pm
673,2,center bus stop
680,2,center main lock
681,2,center mall parking
682,2,center north sear
683,2,center parking garage
684,2,center parking lot
685,2,center security camera
686,2,central catholic high
688,2,central hudson st
689,2,certain garage open
693,2,chain cassette wheel
694,2,chain cut chain
695,2,chain guard fsr
696,2,chain hill thieve
699,2,chain wheel frame
727,2,class cut lock
729,2,classic rear shimano
789,2,confine gated apartment
762,2,communal garage lock
765,2,community lock cut
766,2,community technical college
767,2,compartment night door
768,2,complex cage inside
769,2,complex key access
770,2,complex laundry area
771,2,complex left hand
773,2,complex magnolia neighborhood
775,2,complex parking lot
776,2,complex rack 14th
777,2,complex storage room
779,2,complex taylor 13th
780,2,concrete wall location
781,2,condition time hook
782,2,condo building rack
783,2,condo building thief
784,2,condo complex cage
785,2,condo leavitt ave
786,2,condo parking garage
763,2,community center main
760,2,commercial grade master
730,2,clean cut second
759,2,combo lock frame
731,2,clear perp storage
733,2,closed door garage
734,2,closed garage thieve
737,2,cockpit shimano spd
738,2,code locked cage
739,2,code locked gate
740,2,coffee babysitting hour
741,2,coffee bean tea
742,2,coffee shop patio
743,2,coil lock wheel
744,2,cole c24 sram
750,2,colored ford mini
751,2,colors bridge pic
752,2,columbia park dwight
753,2,com note polouse
755,2,combination lock bolt
756,2,combination lock chain
757,2,combination lock thief
758,2,combination lock tire
668,2,cat eye computer
667,2,cassette wheel american
666,2,case study coffee
576,2,cable lock vehicle
580,2,cable padlock hour
581,2,cable padlock lock
582,2,cable place rack
583,2,cable rack cable
587,2,cable telephone pole
590,2,cable ubolted tree
594,2,cable wheel motorcycle
595,2,cable wheel rack
596,2,cable wire cutter
597,2,cafe northeast broadway
600,2,cage cable lock
601,2,cage cable padlock
602,2,cage entrance lock
603,2,cage eve committed
604,2,cage inside parking
606,2,cage open cable
607,2,cage pad lock
609,2,cage parking structure
610,2,cage secure garage
579,2,cable lock year
573,2,cable lock thieve
665,2,case beer choice
568,2,cable lock sort
533,2,cable lock clear
534,2,cable lock column
535,2,cable lock combination
537,2,cable lock day
538,2,cable lock evidence
540,2,cable lock garage
544,2,cable lock hitch
546,2,cable lock hour
547,2,cable lock key
548,2,cable lock kryptonite
551,2,cable lock morning
552,2,cable lock open
555,2,cable lock pipe
556,2,cable lock pm
557,2,cable lock polk
558,2,cable lock porch
563,2,cable lock saturday
565,2,cable lock school
567,2,cable lock security
611,2,cage underground parking
612,2,cage unit cage
613,2,cage work parking
614,2,cage wtc bldg
641,2,car likely dark
642,2,car lock outside
643,2,car locked garage
644,2,car mounted rack
645,2,car parking garage
647,2,car parking space
649,2,car rack car
651,2,car rack resort
652,2,car rack ride
654,2,car seat post
655,2,car subaru outback
656,2,car window stolen
658,2,carbon fork carrera
659,2,carbon tubeless wheel
660,2,carl street pub
661,2,carport 75th tibbett
662,2,carport apartment complex
663,2,carrera cx chris
664,2,carrera cx frame
640,2,car inside minute
639,2,car good karma
638,2,car garage wall
623,2,campus parking lotse
615,2,cal state fullerton
616,2,camera car likely
617,2,camera footage garage
618,2,camera footage white
619,2,camera thief scaled
620,2,camera white male
621,2,campus corner sw
622,2,campus lincoln hall
625,2,campus va hospital
637,2,car driveway thief
626,2,canal park duluth
627,2,cannondale caad tiagra
628,2,cansler village apartment
629,2,canyon crest academy
630,2,cap crow bar
632,2,car apartment complex
633,2,car ave clackama
635,2,car cop report
788,2,condominium 1st avenue
790,2,confluence state park
2071,2,neighborhood lincoln 54th
947,2,doug fir lounge
952,2,downtown san diego
953,2,drainpipe apartment building
954,2,driveside chainstay tire
955,2,driveway broad daylight
956,2,driveway male foot
959,2,driveway wet weather
960,2,driveway white north
962,2,drunk guy sidewalk
964,2,dumbass truck yard
965,2,dura ace chain
967,2,duty chain lock
968,2,duty combination lock
969,2,duty commercial grade
970,2,duty joint armored
971,2,duty scooter chain
972,2,duty security chain
973,2,early head start
976,2,early morning rack
978,2,east knott street
948,2,downtown corner sw
946,2,doug fir burnside
980,2,east student union
945,2,dorm southern oregon
920,2,doctor office railing
921,2,dollar free tube
922,2,door basement key
923,2,door early morning
924,2,door garage door
925,2,door garage june
926,2,door garage open
927,2,door lock entry
929,2,door master lock
930,2,door night garage
931,2,door open foot
932,2,door open garage
933,2,door open home
934,2,door open kid
935,2,door open min
940,2,door open room
942,2,door open time
943,2,door storage area
944,2,door storage unit
979,2,east parking lot
981,2,east taylor street
791,2,congress blvd park
1010,2,external hard drive
1013,2,farmer market ferry
1014,2,farmer market lock
1017,2,fence lock cut
1019,2,fence outside door
1020,2,fenced backyard plain
1022,2,fenced patio area
1023,2,fenced rear yard
1024,2,fenced yard deck
1025,2,fenced yard gate
1028,2,fender piece pen
1030,2,fender water bottle
1032,2,fiance traffic signal
1034,2,filed police report
1035,2,fir rims hub
1036,2,fitness downtown oakland
1037,2,fitness parking garage
1039,2,flander 11th pf
1040,2,flannel shirt black
1041,2,flat tire wheel
1012,2,family pole thieve
1009,2,exact date unknown
983,2,eating kezar pub
1008,2,evidence theft scene
984,2,eco trust building
985,2,ecotrust building nw
987,2,edington court apartment
989,2,efx7 fuel mountain
990,2,el cerrito plaza
991,2,emerson area gift
993,2,end cable lock
994,2,entered garage rear
995,2,enterprise rent car
997,2,entrance cable lock
998,2,entrance doctor office
999,2,entrance lock helmet
1000,2,entrance lock scene
1001,2,entrance neighbor gate
1002,2,entry basement combination
1003,2,entry parking structure
1004,2,entry room apartment
1006,2,estuary drive apt
1007,2,eve committed crime
918,2,disturbing text neighbor
917,2,district flander 11th
916,2,district corner nw
831,2,county sheriff attempted
833,2,couple hour garage
835,2,court apartment nw
837,2,courtyard cable cut
838,2,covered deck night
840,2,cramer hall cramer
841,2,cramer hall psu
842,2,cramer student union
843,2,crappy schwinn ranger
844,2,creative science school
846,2,creek area yard
847,2,creek park sellwood
848,2,crocker gallerium man
849,2,cross psu urban
850,2,cross street ave
851,2,cross street beaverton
852,2,cross street sw
853,2,cross street taylor
854,2,crossbar road tire
855,2,crow bar pliers
832,2,couple dings frame
830,2,couch street ground
915,2,disneyland hotel parking
829,2,couch street food
795,2,convention center corner
797,2,convention center main
799,2,convention center rack
801,2,cookies good karma
802,2,corbett gaine lair
804,2,corner 38th bank
807,2,corner intersection kryptonite
808,2,corner lloyd center
809,2,corner madison metal
812,2,corner nw davis
814,2,corner nw glisan
815,2,corner sandy blvd
820,2,corner sw columbia
821,2,corner sw harrison
822,2,corner sw morrison
823,2,corner sw park
824,2,corner sw salmon
827,2,couch davis north
828,2,couch st portland
856,2,culver city metro
858,2,cup holder handlebar
859,2,cup saucer 30th
860,2,cupcake eternal gratefulness
892,2,daughter house ave
893,2,davis north park
894,2,day attention lock
895,2,day boy pump
896,2,day lock helmet
897,2,day place lock
899,2,deck lid truck
900,2,deck mobile home
901,2,deda stem single
902,2,deep rim gatorskin
903,2,dent left crossbar
906,2,design benefit street
907,2,different bar tape
908,2,dings frame scratch
909,2,dinner lot foot
910,2,dirt road picture
911,2,disabled form exercise
913,2,discovery burien rack
914,2,disk brake fork
891,2,daughter dinner porch
889,2,dark hair mustache
888,2,dark green trek
872,2,cut lock wheel
861,2,curtis saratoga greeley
862,2,custom choice homemade
863,2,custom single speed
865,2,cut cable ground
867,2,cut chain hill
868,2,cut chain link
869,2,cut chain lock
870,2,cut helmet ground
873,2,cut rack lock
886,2,dark curly hair
874,2,cut second attempt
876,2,cutter garage door
877,2,cutter surveillance camera
878,2,cvs parking lot
879,2,cx chris king
880,2,cx frame carbon
881,2,cx9 brake different
885,2,dark colored ford
530,2,cable lock broad
526,2,cable heavy duty
521,2,cable cut scene
167,2,apartment complex lot
169,2,apartment complex metal
170,2,apartment complex night
171,2,apartment complex number
172,2,apartment complex nw
173,2,apartment complex parking
174,2,apartment complex pm
178,2,apartment complex sw
179,2,apartment complex taylor
180,2,apartment complex thief
181,2,apartment division st
182,2,apartment entrance neighbor
183,2,apartment garage cable
184,2,apartment garage car
185,2,apartment garage lock
186,2,apartment garage month
187,2,apartment garage negotiable
189,2,apartment gated community
190,2,apartment gated complex
192,2,apartment glisan st
168,2,apartment complex magnolia
166,2,apartment complex locked
194,2,apartment kryptonite lock
165,2,apartment complex lock
135,2,apartment building middle
137,2,apartment building parking
138,2,apartment building person
139,2,apartment building pole
141,2,apartment building resident
143,2,apartment building se14th
144,2,apartment building secure
145,2,apartment building security
146,2,apartment building sign
147,2,apartment building southwest
148,2,apartment building staircase
152,2,apartment building theft
154,2,apartment building work
156,2,apartment car port
157,2,apartment complex city
158,2,apartment complex door
159,2,apartment complex floor
162,2,apartment complex laundry
163,2,apartment complex left
193,2,apartment good karma
196,2,apartment lock area
513,2,busy street hour
235,2,area condo building
238,2,area gift card
239,2,area hour helmet
240,2,area place cable
242,2,area storage building
243,2,area unsure direction
244,2,arizona state university
245,2,arm apartment building
248,2,art museum sw
250,2,asa parking garage
252,2,ash montavilla area
254,2,ash st rotture
255,2,ashby bart station
256,2,attempted sale stolen
257,2,attention lock walking
258,2,aug hour lake
259,2,august early morning
260,2,ave 196th street
261,2,ave 7th st
262,2,ave alberta st
236,2,area fob job
231,2,area austin tx
197,2,apartment locked rack
228,2,arbor vineyard development
198,2,apartment nw everett
199,2,apartment parking area
202,2,apartment parking structure
203,2,apartment porch 35th
204,2,apartment private parking
205,2,apartment rack lock
206,2,apartment rack parking
207,2,apartment second floor
208,2,apartment security door
209,2,apartment stair lock
210,2,apartment step corner
212,2,apartment storage locker
217,2,apartment underground secure
218,2,apartment wheel frame
219,2,apex bar division
220,2,apex dura ace
224,2,apt building lock
225,2,apt complex negotiable
227,2,apt parking lot
134,2,apartment building maintenance
126,2,apartment building couch
124,2,apartment building car
35,2,20 pm friday
37,2,20s 30 tattoo
39,2,20th hawthorne apartment
40,2,20th pine colleague
41,2,22nd st caltrain
49,2,28th burnside tri
50,2,30 pm rack
51,2,30 tattoo arm
53,2,3425 sw veteran
54,2,35th madison street
55,2,38th bank america
56,2,40th 41st street
57,2,42nd st transit
58,2,44th division area
59,2,45 pm lock
60,2,5th ave couch
61,2,5th couch street
62,2,5th morrison rack
63,2,70th johnson creek
64,2,815 market street
36,2,2004 carrera cx
34,2,1st floor apartment
122,2,apartment building burnside
33,2,1st avenue parking
2,2,00 pm saturday
5,2,10 12 10
6,2,10 15 pm
8,2,10th 11th rack
12,2,11th pf chang
13,2,11th rack north
14,2,11th st drainpipe
15,2,12 00 noon
16,2,13th knott stanton
17,2,13th short black
19,2,14th brazee oregon
24,2,14th trip return
26,2,15th ave glisan
27,2,15th belmont nov
28,2,162nd stark station
29,2,16th clinton small
30,2,16th extreme gratefullness
31,2,19th st bart
32,2,19th street bart
65,2,8th avenue garage
66,2,a2b showroom 20th
67,2,aaa office crocker
68,2,abandoned building local
99,2,albert apartment ave
100,2,alberta 16th extreme
101,2,alberta park dekum
102,2,albina early head
103,2,aliante saddle black
104,2,alibi tiki bar
106,2,alley apartment mississippi
108,2,alley house unique
109,2,aluminum chain guard
110,2,american classic rear
111,2,american fork frontrunner
112,2,american plaza condominium
113,2,anchor secure garage
114,2,andersen rv park
115,2,angle grinder lock
117,2,apartment basement room
118,2,apartment building 16th
119,2,apartment building apartment
120,2,apartment building area
98,2,alarm camera car
97,2,al purple lettering
96,2,ainsworth killingsworth garfield
81,2,ace chain cassette
71,2,able video thieve
72,2,abus bordo lite
74,2,abus chain lock
75,2,abus lock frame
76,2,access outsider local
77,2,access parking garage
78,2,access sign forced
80,2,accessible key person
82,2,actual different pedal
95,2,afternoon sunday couple
83,2,adapted patio morning
84,2,additional heavy cable
85,2,additional kryptonite cable
86,2,address 3425 sw
87,2,address hour midnight
88,2,adjacent garage door
89,2,adjacent similar manner
92,2,adult kid cut
266,2,ave cable lock
267,2,ave central ave
268,2,ave couch davis
426,2,brick apartment building
429,2,bridge vancouver lion
430,2,brink keyed lock
431,2,broad day light
432,2,broad daylight busy
434,2,broad daylight person
435,2,broad daylight pm
436,2,broad daylight restaurant
437,2,broadway 13th 14th
438,2,broadway cramer hall
439,2,broadway medical clinic
440,2,broadway street vancouver
442,2,broadway sw morrison
443,2,bronze gray new
444,2,brown brook saddle
445,2,brown hair beard
446,2,brown leather saddle
447,2,brown leather seat
449,2,budget rental car
450,2,buffalo state college
428,2,bridge pic romin
425,2,breezeway garage house
393,2,blue sweatshirt driveway
424,2,break enter apartment
396,2,body cable lock
399,2,bolt cutter garage
402,2,bolt cutter scene
403,2,bolt cutter surveillance
404,2,bolt cutter theft
405,2,bontrager r3 tubeless
406,2,book store east
407,2,bookstore sw 10th
410,2,bottle cage blue
411,2,bottle cage frame
412,2,bottle cage photo
413,2,bottle holder fender
414,2,bottle holder frame
415,2,bottle holder rack
416,2,bottle holder red
420,2,boy pump yard
421,2,bragdon hall reed
422,2,brake different bar
423,2,brand new black
451,2,building 16th clinton
452,2,building basement wheel
454,2,building cable padlock
455,2,building cable tire
487,2,building secured storage
490,2,building southwest corner
492,2,building sw 13th
494,2,building sw ave
496,2,building thief garage
497,2,bulldog dt lock
498,2,burgermeister restaurant pub
499,2,burglar heavy duty
500,2,burien rack place
501,2,burke gilman trail
502,2,burnside 28th outside
503,2,burnside chopstick key
504,2,burnside road gresham
505,2,burnside tri met
506,2,bus line bus
507,2,bus rack bus
508,2,bus station rack
511,2,busy parking lot
512,2,busy street bus
486,2,building secure storage
485,2,building se14th taylor
484,2,building psu campus
470,2,building lock cut
456,2,building cage unit
457,2,building car park
458,2,building corner nw
459,2,building couch st
463,2,building foot street
464,2,building garage lock
465,2,building garage lower
469,2,building local hanger
471,2,building lock rack
483,2,building pm negotiable
472,2,building lock wheel
473,2,building locked access
474,2,building locked cage
476,2,building maintenance person
477,2,building market street
478,2,building middle night
480,2,building nw ave
482,2,building piece lock
394,2,blue white cannondale
392,2,blue store corner
273,2,ave hawthorne blvd
302,2,backyard reed college
305,2,bag rear light
306,2,baghdad 37th hawthorne
307,2,baked good choice
310,2,balcony floor apartment
311,2,bank america meyer
312,2,bank tower parking
313,2,bar deda stem
314,2,bar east taylor
315,2,bar end shifter
316,2,bar metal fence
317,2,bar tape bar
318,2,bar tape colors
320,2,bart station lock
321,2,bart station night
324,2,basement combination lock
325,2,basement garage apartment
326,2,basement house lock
327,2,basement key access
328,2,basement laundry room
303,2,backyard visible alley
301,2,backyard privacy fence
391,2,blue shirt black
300,2,backyard plain vancouver
274,2,ave holgate ave
275,2,ave jessup st
276,2,ave main salmon
279,2,ave sandy blvd
280,2,ave skidmore street
281,2,ave st east
284,2,avenue cross street
286,2,avenue garage fremont
287,2,avenue parking garage
288,2,avenue portlandmajor cross
290,2,babysitting hour kiddo
291,2,backyard fence gate
292,2,backyard freaking good
293,2,backyard garage man
294,2,backyard house shaver
295,2,backyard housemate nicer
297,2,backyard locked gate
298,2,backyard mallory ave
299,2,backyard middle night
329,2,basement level view
330,2,basement parking garage
331,2,basement shop work
333,2,basement storage locker
368,2,black male thief
372,2,black rear wheel
373,2,black riser bar
374,2,black saddle bag
375,2,black schwinn cruiser
376,2,black shirt black
377,2,black tube protector
379,2,bldg area security
380,2,block columbia park
381,2,block good sam
382,2,block mlk ash
383,2,block pearl bakery
384,2,block south block
385,2,block west interstate
386,2,block west mlk
387,2,blonde hair short
388,2,blue bar tape
389,2,blue handlebar tape
390,2,blue jean able
367,2,black kryptonite lock
364,2,black haird mail
362,2,black frame red
347,2,belmont nov black
336,2,beach cruiser rack
337,2,beach hayden island
339,2,beach school humboldt
340,2,beam outdoor deck
341,2,bean tea leaf
342,2,beaverton hillsdale hwy
345,2,bell coil lock
346,2,bell right handlebar
348,2,beloved brand new
361,2,black folding metal
351,2,big chain scene
352,2,bike private communal
353,2,birthday present girlfriend
355,2,black baseball cap
356,2,black bottle cage
357,2,black deuter ski
358,2,black fabric bag
359,2,black fender black
1042,2,flex cable lock
1046,2,floor apartment gated
1047,2,floor apartment parking
1726,2,lock garage lock
1729,2,lock ground cut
1730,2,lock ground foot
1733,2,lock half lock
1734,2,lock hardened steel
1736,2,lock helmet ground
1737,2,lock helmet light
1741,2,lock hitch mounted
1742,2,lock home driveway
1743,2,lock hour lock
1744,2,lock husband cable
1745,2,lock inside cage
1747,2,lock intact tree
1748,2,lock key door
1749,2,lock kryptonite kryptolok
1751,2,lock letter combination
1753,2,lock locking tire
1754,2,lock main frame
1756,2,lock metal cage
1757,2,lock middle day
1727,2,lock gate backyard
1725,2,lock garage beloved
1759,2,lock outside house
1722,2,lock frame thief
1690,2,lock black mountain
1692,2,lock brink keyed
1694,2,lock cable apartment
1696,2,lock cable fence
1700,2,lock cable tire
1703,2,lock car rack
1704,2,lock chain lock
1705,2,lock chain wheel
1706,2,lock city rack
1707,2,lock clear perp
1708,2,lock column carried
1709,2,lock combination lock
1711,2,lock cut half
1712,2,lock cut helmet
1715,2,lock early morning
1716,2,lock evidence lock
1717,2,lock fixed rack
1718,2,lock frame black
1721,2,lock frame rear
1758,2,lock novara circle
1760,2,lock parked car
1561,2,jacket light blue
1795,2,lock twisted piece
1797,2,lock wall mount
1798,2,lock water bottle
1801,2,lock wheel main
1803,2,lock white giro
1804,2,lock wire cutter
1805,2,locked apartment basement
1809,2,locked apartment parking
1810,2,locked apartment storage
1811,2,locked apt building
1812,2,locked apt storage
1816,2,locked cage house
1821,2,locked car carrier
1824,2,locked cellar compartment
1825,2,locked condo garage
1826,2,locked door gate
1828,2,locked door resident
1829,2,locked fork mount
1830,2,locked garage alley
1833,2,locked garage corner
1796,2,lock vehicle lit
1792,2,lock thief lock
1762,2,lock parking meter
1788,2,lock storage room
1763,2,lock parking post
1764,2,lock picked lock
1766,2,lock pole lock
1768,2,lock polk central
1769,2,lock power tool
1772,2,lock rack frame
1773,2,lock rack lock
1774,2,lock rack parking
1775,2,lock rack thieve
1776,2,lock rack wheel
1778,2,lock scene cable
1779,2,lock scene evidence
1781,2,lock scene unopened
1782,2,lock school hour
1783,2,lock seat black
1784,2,lock security camera
1785,2,lock shed cut
1786,2,lock shed door
1787,2,lock sort power
1689,2,lock big chain
1688,2,lock bent lock
1686,2,lock area place
1588,2,kid cut chain
1591,2,kiosk nw corner
1592,2,knight st nice
1593,2,komachin middle school
1595,2,kryptonite chain lock
1596,2,kryptonite cheap aluminum
1600,2,kryptonite kryptolok series
1603,2,kryptonite lock cookies
1605,2,kryptonite lock half
1606,2,kryptonite lock helmet
1607,2,kryptonite lock lock
1610,2,kryptonite lock scene
1611,2,kryptonite lock steel
1614,2,la fitness northrup
1615,2,la fitness nw
1617,2,labor day weekend
1618,2,lafayette bart station
1619,2,lake oswego oregon
1620,2,large sram apex
1621,2,large tree lock
1590,2,king headset red
1587,2,kickstand water bottle
1685,2,lock apartment building
1586,2,kezar pub carl
1564,2,jean able bick
1565,2,jean black shirt
1567,2,job skill locked
1568,2,joe parking lot
1571,2,johnson creek park
1572,2,joint armored lock
1573,2,kaiser central interstate
1574,2,kaiser permanente parking
1575,2,kanan st cullen
1576,2,kangaroo child seat
1577,2,kearny st saturday
1578,2,kennedy school possible
1579,2,kenton dumbass truck
1580,2,key access garage
1581,2,key access outsider
1582,2,key access sign
1583,2,key door basement
1584,2,key lock vehicle
1585,2,keyed lock letter
1622,2,large white male
1623,2,late 20s 30
1624,2,late night early
1626,2,laundry apartment complex
1657,2,like new condition
1658,2,likely dark colored
1664,2,linfield college parking
1665,2,link fence cable
1666,2,lion hotel hayden
1667,2,lion river inn
1668,2,lit outdoor parking
1669,2,live trainer stationary
1671,2,lloyd center main
1673,2,lloyd center multnomah
1674,2,lloyd center rack
1675,2,lloyd center safeway
1676,2,loan uk payday
1677,2,lobby apartment building
1679,2,local hanger unnamed
1680,2,local resident basement
1682,2,location rear exit
1683,2,lock addition lock
1684,2,lock additional cable
1656,2,lighted apartment step
1655,2,light van ness
1654,2,light skin year
1640,2,leopard print seat
1627,2,laundry area burnside
1628,2,laundry area unsure
1632,2,laurelwood apartment garage
1633,2,lb light skin
1634,2,leavitt ave central
1635,2,left crossbar road
1636,2,left door open
1638,2,left garage open
1641,2,letter combination lock
1652,2,light kickstand water
1642,2,level parking lot
1643,2,level view public
1644,2,lewis amp clark
1647,2,library home pm
1648,2,light black handlebar
1649,2,light blue jean
1650,2,light blue white
1651,2,light handlebar seat
1835,2,locked garage evening
1836,2,locked garage info
1838,2,locked garage morning
1990,2,michael palmer playground
1992,2,mid day theft
1994,2,middle night thief
1995,2,middle night yard
1996,2,middle school 28th
1997,2,middle school cage
1998,2,milo cafe northeast
1999,2,milwaukie open garage
2000,2,mini van plate
2001,2,mint urban apartment
2002,2,minute cheap alley
2004,2,minute lock cut
2005,2,minute lock helmet
2006,2,minute new peugeot
2007,2,minute outside lock
2008,2,minute stuff large
2009,2,mirror left handlebar
2010,2,missing popular video
2011,2,mission san francisco
2012,2,mission valley ymca
1991,2,mid day rack
1989,2,meyer lombard ida
1964,2,matthew frank condo
1986,2,meter aaa office
1966,2,max pioneer square
1968,2,mcmenamin cornelius pass
1969,2,meadow apartment complex
1970,2,meadow neighborhood hillsboro
1971,2,med center rack
1972,2,medical center ave
1973,2,medical clinic broadway
1974,2,medical office building
1975,2,medium large sram
1976,2,memorial day weekend
1977,2,memory foam pad
1978,2,metal basket rear
1979,2,metal cage open
1980,2,metal rack lock
1981,2,metal rail secured
1982,2,metal railing kryptonite
1983,2,metal railing outside
1984,2,metal railing porch
1985,2,metal telephone pole
2014,2,mlk ash st
2016,2,mlk oregon st
2017,2,mobile home live
2018,2,mobile home park
2047,2,mounted rack car
2048,2,mt al purple
2052,2,mt tabor neighborhood
2053,2,multi family building
2054,2,multnomah county library
2055,2,muni bus line
2057,2,museum natural history
2058,2,museum sw park
2059,2,mustache short blond
2060,2,naito parkway corner
2061,2,navy pier rack
2062,2,neal trail abandoned
2063,2,near colonel summer
2065,2,neighbor burglar heavy
2066,2,neighbor door open
2067,2,neighbor garage open
2068,2,neighbor gate open
2069,2,neighbor surveillance footage
2070,2,neighborhood hillsboro baseline
2046,2,mountainsmith lumbar pack
2045,2,mountain man woman
2044,2,mountain green white
2029,2,moriarty art humanity
2019,2,mobile home river
2020,2,mode transportation way
2021,2,model metal rail
2022,2,mom block good
2023,2,monday night game
2024,2,money veggies appreciation
2025,2,monkey light wheel
2026,2,montana street south
2030,2,morning birthday present
2043,2,mountain car inside
2031,2,morning cable lock
2032,2,morning friday afternoon
2033,2,morning garage door
2037,2,morning work rack
2038,2,morrison sw 10th
2040,2,motorcycle sheraton wharf
2041,2,mountain apartment private
2042,2,mountain bike private
1965,2,max blue line
1963,2,matte black red
1839,2,locked garage night
1880,2,long beach city
1884,2,lot apartment complex
1886,2,lot hitch rack
1887,2,lot interstate meyer
1888,2,lot kennedy school
1889,2,lot newpark hotel
1890,2,lot nw overton
1891,2,lot pacific beach
1892,2,lot rack car
1893,2,lot residential complex
1894,2,loui york apartment
1895,2,lovejoy 13th short
1896,2,lower basement level
1897,2,lower parking garage
1899,2,lucia valet parking
1901,2,macarthur bart station
1902,2,madison high school
1903,2,madison metal railing
1904,2,madison street night
1905,2,magnolia neighborhood december
1882,2,lot 00 pm
1879,2,locking tire frame
1962,2,matte black frame
1878,2,locking post cannondale
1843,2,locked gate backyard
1844,2,locked gate private
1846,2,locked home storage
1848,2,locked office building
1849,2,locked outside office
1851,2,locked private garage
1852,2,locked rack cable
1854,2,locked rack corner
1858,2,locked rack secured
1860,2,locked residential parking
1861,2,locked retail store
1865,2,locked room secure
1866,2,locked sign post
1867,2,locked stolen rack
1869,2,locked storage cage
1873,2,locked subaru wagon
1874,2,locked tire frame
1876,2,locker apartment building
1877,2,locker apt building
1906,2,mail lb light
1907,2,main door open
1908,2,main downtown portland
1909,2,main entrance rack
1939,2,man woman car
1940,2,man woman version
1942,2,manor apartment complex
1945,2,marco apartment building
1946,2,market ferry building
1947,2,market lawn house
1949,2,market parking lot
1950,2,market san francisco
1951,2,market sandy blvd
1952,2,market st kearny
1953,2,market st outside
1954,2,market street farmer
1955,2,market street lamp
1956,2,maroon redline rival
1957,2,mason st william
1958,2,master lock cable
1959,2,master lock garage
1960,2,master lock scene
1961,2,masterlock cable wheel
1938,2,man white shirt
1937,2,man hoodie cap
1935,2,man bolt cutter
1924,2,male short blonde
1911,2,main frame high
1912,2,main lock macy
1915,2,main post office
1916,2,main street vancouver
1920,2,male brown hair
1921,2,male foot car
1922,2,male orange shirt
1923,2,male royal blue
1925,2,male short dark
1934,2,man black shirt
1926,2,male year old
1927,2,mall entrance cable
1928,2,mall main entrance
1929,2,mall milwaukie holgate
1930,2,mall parking garage
1931,2,mall parking lot
1932,2,mall stucki cornell
1933,2,mallory ave skidmore
1562,2,jantzen beach hayden
1560,2,ivanhoe st loui
1048,2,floor apt balcony
1218,2,garage nw marshall
1220,2,garage open door
1221,2,garage open garage
1223,2,garage open house
1224,2,garage open lock
1225,2,garage open minute
1226,2,garage open morning
1228,2,garage open thief
1229,2,garage open thing
1231,2,garage opened week
1233,2,garage owner home
1235,2,garage pine street
1236,2,garage queen village
1237,2,garage rack area
1241,2,garage residence glisan
1242,2,garage roommate garage
1243,2,garage shevlin park
1244,2,garage spokane information
1245,2,garage steel cable
1248,2,garage sw 5th
1219,2,garage office building
1217,2,garage multnomah st
1253,2,garage thief window
1216,2,garage mint urban
1189,2,garage home garage
1191,2,garage home work
1192,2,garage house gate
1195,2,garage key card
1196,2,garage left door
1197,2,garage left garage
1198,2,garage level p2
1199,2,garage lock big
1201,2,garage lock cage
1203,2,garage lock helmet
1204,2,garage lock novara
1205,2,garage lock rack
1206,2,garage lock time
1207,2,garage locked rack
1208,2,garage lower basement
1209,2,garage main door
1211,2,garage man door
1212,2,garage market st
1213,2,garage memorial day
1249,2,garage tenant access
1254,2,garage thieve child
1559,2,island school design
1282,2,gate open thief
1287,2,gated backyard hour
1289,2,gated backyard reed
1290,2,gated community room
1291,2,gated garage condo
1292,2,gated garage parking
1293,2,gated garage rack
1297,2,gated yard house
1298,2,gel seat cover
1299,2,gerding theater armory
1301,2,giant frame tire
1302,2,giant main frame
1303,2,girlfriend ride friend
1306,2,good coffee babysitting
1307,2,good karma cash
1308,2,good karma good
1309,2,good karma pt
1311,2,good samaritan hospital
1312,2,goodwill lombard sure
1313,2,goose hollow area
1286,2,gated area lock
1281,2,gate garage door
1255,2,garage thieve entered
1280,2,gate entry parking
1257,2,garage thieve hole
1258,2,garage time theft
1259,2,garage townhouse complex
1260,2,garage trek usps
1261,2,garage university park
1262,2,garage video able
1263,2,garage wall cable
1265,2,garage water pipe
1266,2,garage white trek
1267,2,garage window garage
1268,2,garage wonderview nw
1271,2,garden home oleson
1272,2,garden home olson
1273,2,garden home park
1274,2,garfield block west
1275,2,garodge floor lovejoy
1276,2,gary mt al
1277,2,gate apartment building
1279,2,gate curtis saratoga
1188,2,garage home door
1187,2,garage harrison square
1186,2,garage good shape
1076,2,fork masterlock cable
1079,2,fountain max station
1080,2,frame bar white
1083,2,frame carbon fork
1085,2,frame high pitched
1086,2,frame hooked discovery
1087,2,frame light blue
1088,2,frame lock cable
1090,2,frame metal parking
1092,2,frame rack lock
1093,2,frame rack outside
1094,2,frame rack time
1095,2,frame rear tire
1099,2,frame single speed
1105,2,frame wheel identical
1108,2,frame white light
1110,2,frank condo leavitt
1111,2,franklin apartment complex
1113,2,fraudulent credit card
1114,2,freaking good coffee
1078,2,foster road max
1075,2,fork lock fork
1184,2,garage glisan 44th
1074,2,fork carrera cx
1050,2,floor balcony lock
1051,2,floor bar tree
1053,2,floor lovejoy 13th
1055,2,floor porch apartment
1056,2,fob access storage
1057,2,fob job skill
1058,2,folding metal basket
1060,2,food market sandy
1061,2,food nw couch
1062,2,foot cable clean
1063,2,foot car cop
1064,2,foot eating kezar
1065,2,foot privacy fence
1066,2,foot traffic independence
1067,2,footage individual wife
1068,2,footage white male
1071,2,forced entry locked
1072,2,ford hybrid car
1073,2,ford mini van
1115,2,free tube dinner
1116,2,fremont irving park
1117,2,fresh baked cookies
1118,2,friday afternoon sunday
1146,2,garage arbor vineyard
1149,2,garage beloved brand
1150,2,garage black male
1151,2,garage break entry
1152,2,garage break sweet
1154,2,garage building piece
1155,2,garage building pm
1157,2,garage classic gary
1166,2,garage door item
1168,2,garage door morning
1173,2,garage door released
1174,2,garage door sensor
1176,2,garage downtown seattle
1178,2,garage entry door
1179,2,garage epicenter apartment
1180,2,garage forced entry
1181,2,garage frame wheel
1182,2,garage fremont irving
1183,2,garage gate open
1145,2,garage apt complex
1143,2,garage apartment glisan
1140,2,garage alley house
1128,2,gaine lair hill
1119,2,friday evening saturday
1120,2,friend basement house
1121,2,friend clinton money
1122,2,friend garage video
1123,2,friend porch minute
1124,2,frontrunner train station
1125,2,fsr fir rims
1126,2,fuel mountain green
1129,2,gallerium man hoodie
1138,2,garage address hour
1130,2,garage 113th st
1131,2,garage 15th brazee
1132,2,garage 28th ave
1133,2,garage 44th ave
1134,2,garage 60th holgate
1135,2,garage access garage
1136,2,garage accessible magnetic
1137,2,garage addition hazel
1314,2,grade master lock
1316,2,grainy security camera
1317,2,grand central bakery
1471,2,hour gym parking
1473,2,hour kiddo appreciation
1474,2,hour kryptonite lock
1475,2,hour lake oswego
1476,2,hour lighted apartment
1477,2,hour lock cut
1479,2,hour middle day
1480,2,hour minute lock
1481,2,hour outside lock
1482,2,hour sunday morning
1483,2,hour video camera
1484,2,house 15th ave
1485,2,house 32nd place
1486,2,house 38th hawthorne
1487,2,house 45th hawthorne
1489,2,house ave holgate
1490,2,house breezeway garage
1491,2,house day boy
1492,2,house day neighbor
1493,2,house day place
1472,2,hour helmet lock
1470,2,hour garage opened
1440,2,home river sight
1469,2,hour fitness rack
1443,2,home work oct
1444,2,homemade cupcake eternal
1445,2,honeyman state campground
1447,2,hood river county
1448,2,hoodie cap crow
1450,2,hook ceiling beam
1451,2,hooked discovery burien
1452,2,hosford middle school
1453,2,hospital address 3425
1454,2,hospital right lovejoy
1455,2,hot lip pizza
1456,2,hotel cable place
1457,2,hotel hayden island
1458,2,hotel lucia valet
1461,2,hotel swimming pool
1462,2,houghton ave good
1464,2,hour cut lock
1466,2,hour fitness downtown
1467,2,hour fitness hollywood
1495,2,house garage door
1496,2,house gate backyard
1497,2,house gate curtis
1498,2,house good karma
1529,2,individual wife trek
1530,2,indoor parking garage
1531,2,indoor storage area
1532,2,information recovery question
1533,2,inn canal park
1535,2,inner tube driveside
1538,2,inside home aug
1541,2,inside locked gate
1542,2,inside minute stuff
1545,2,inside private garage
1547,2,integrated key lock
1548,2,internal gear hub
1549,2,international beer festival
1550,2,intersection kryptonite lock
1551,2,intersection residential area
1553,2,interstate ave oregon
1555,2,iron fence lock
1557,2,island drive unit
1558,2,island mobile home
1527,2,independence day attention
1526,2,inch cable lock
1525,2,important identification black
1511,2,house unique 2004
1499,2,house grand fremont
1500,2,house hawthorne radon
1501,2,house hour half
1503,2,house kryptonite lock
1504,2,house lock door
1505,2,house lock key
1507,2,house minute cheap
1509,2,house ohsu campus
1513,2,housemate nicer shirt
1524,2,identification black folding
1514,2,hoyt pearl district
1516,2,hr fitness pearl
1517,2,hub yellow odyssey
1518,2,huntington beach pier
1519,2,husband cable lock
1520,2,hwy kanan st
1522,2,ice cream shop
1523,2,identical laundry room
1441,2,home storage locker
1439,2,home porch post
1318,2,grand money veggies
1347,2,hair mustache short
1350,2,hall cramer student
1351,2,hall parking garage
1354,2,hall student health
1355,2,hall university campus
1356,2,hall university portland
1357,2,hall uw campus
1358,2,hallway apartment building
1359,2,hallway apt building
1360,2,halsey rack store
1361,2,halsey st hollywood
1362,2,hampton inn canal
1363,2,handicap parking sign
1364,2,handlebar rack basket
1365,2,handlebar tape rear
1367,2,hanger unnamed dirt
1369,2,hard tail mountain
1371,2,harrison square apartment
1372,2,harvey comedy club
1373,2,hawthorne apartment building
1348,2,haird mail lb
1346,2,hair facial hair
1437,2,home pm house
1345,2,hair beard homeless
1320,2,gray new ultegra
1321,2,gray redline singlespeed
1322,2,great harvest bread
1323,2,green 19 inch
1324,2,green handlebar tape
1326,2,green white driveway
1327,2,gresham city hall
1329,2,grey grip tape
1330,2,grip pedal fender
1331,2,grip tape new
1334,2,grocery store rack
1337,2,ground foot cable
1338,2,guard fsr fir
1339,2,guest parking area
1340,2,guy brown hair
1341,2,guy sidewalk mom
1342,2,gym parking lot
1343,2,gym pm lock
1344,2,hack scene diego
1375,2,hawthorne radon backyard
1376,2,hayden island drive
1377,2,hayden island mobile
1378,2,headlight tail light
1413,2,hitch rack car
1414,2,hitch rack integrated
1415,2,hitch rack morning
1416,2,holder fender rack
1417,2,hole wall neighboring
1418,2,hollywood hour gym
1419,2,hollywood senior center
1420,2,hollywood trader joe
1423,2,home aug hour
1424,2,home car port
1425,2,home cut lock
1428,2,home garage tbd
1429,2,home karmic retribution
1430,2,home live trainer
1431,2,home lock cut
1433,2,home olson road
1434,2,home park good
1435,2,home park jantzen
1436,2,home parking garage
1410,2,hillsdale hwy kanan
1409,2,hillsboro baseline 58th
1408,2,hill thieve foot
1393,2,helmet kryptonite lock
1379,2,headset red ultegra
1381,2,heavy duty abus
1384,2,heavy duty combination
1385,2,heavy duty commercial
1386,2,heavy duty joint
1389,2,heavy duty scooter
1390,2,heavy duty security
1391,2,heavy set man
1394,2,helmet lock rack
1407,2,high traffic area
1396,2,helmet lock theft
1397,2,helmet tool box
1398,2,high end cable
1399,2,high pitched bell
1400,2,high school cross
1402,2,high school garage
1404,2,high school parking
1406,2,high school sw
3533,2,zip ty dent
