,Count,Nouns
134,9505,bike
1279,5060,rack
657,4731,garage
946,1936,lock
769,1779,home
50,1663,apartment
1146,981,parking
235,952,cable
210,908,building
785,879,house
1228,778,porch
256,773,car
1817,652,yard
498,594,door
1548,582,street
86,559,backyard
1624,548,thief
635,508,frame
1780,496,wheel
1084,446,night
1542,438,storage
60,436,area
588,347,fence
1048,343,morning
957,332,lot
133,330,bicycle
105,326,basement
1360,322,room
1215,316,pm
784,314,hour
1823,306,yes
1642,306,tire
1237,294,post
1539,289,stolen
1408,281,seat
1462,277,sign
1640,274,time
664,272,gate
389,267,corner
96,256,bar
1218,250,pole
1033,250,minute
1799,245,work
1620,240,theft
283,238,chain
515,234,driveway
1155,234,patio
1543,221,store
1119,202,outside
445,196,day
753,195,helmet
1396,190,school
359,182,complex
1449,182,shop
1804,181,workplace
431,176,cut
1393,176,scene
238,173,cage
1283,166,railing
643,166,friend
248,166,campus
547,166,entrance
616,165,floor
1788,165,window
1415,165,security
91,164,balcony
1532,161,station
506,159,downtown
1178,158,person
1626,158,thieve
242,157,camera
1203,156,place
1322,155,residence
1144,153,park
1014,149,metal
973,145,man
1519,144,st
926,143,light
1696,142,truck
160,142,bolt
366,139,condo
948,138,locker
263,135,carport
1681,133,tree
730,133,handlebar
432,131,cutter
1095,131,number
1349,130,road
1105,129,office
706,128,ground
1717,127,unit
1459,125,sidewalk
970,124,male
79,121,ave
1329,117,restaurant
1603,117,tbd
12,115,access
225,114,bus
1320,112,report
1760,112,wall
1335,109,reward
1745,107,video
1522,102,stair
820,101,inside
151,98,block
1820,98,year
1537,98,sticker
279,97,center
452,95,deck
121,95,beer
623,95,foot
1075,93,neighbor
718,93,guy
559,92,evening
1594,92,tape
41,88,alley
1022,87,middle
1055,85,mountain
1734,81,vehicle
1168,81,pedal
365,80,condition
1338,79,right
1768,79,way
1293,77,rear
180,77,brake
629,76,fork
590,74,fender
1374,74,saddle
29,74,afternoon
1189,73,picture
446,73,daylight
1465,73,silver
88,72,bag
1181,72,photo
1651,71,tool
1219,70,police
548,69,entry
171,69,bottle
883,68,kryptonite
1223,67,polouse
864,65,key
983,64,market
922,64,library
692,64,gratitude
1334,62,return
1259,62,property
184,62,break
1076,62,neighborhood
1336,61,ride
542,61,end
1125,61,owner
1015,61,meter
828,60,intersection
269,60,cash
1765,60,water
1698,59,tube
1489,57,son
704,57,grip
1627,57,thing
1776,57,week
1045,56,money
722,56,hair
482,56,dinner
1534,56,steel
106,55,basket
945,54,location
793,54,hug
1282,54,rail
153,53,blue
496,53,dollar
1575,53,surveillance
1501,52,speed
1274,52,question
624,52,footage
764,52,holder
622,50,food
46,50,amp
1358,50,roof
1494,49,south
338,49,coffee
719,49,gym
502,48,dorm
1795,48,woman
815,47,information
316,47,class
219,47,burglary
1527,47,stand
119,46,bed
1191,46,piece
862,46,karma
901,46,laundry
868,46,kid
705,45,grocery
1671,45,train
1661,45,town
182,44,brand
1646,43,today
1511,43,spot
227,43,business
1129,43,padlock
1777,42,weekend
723,42,half
350,42,combination
683,41,good
1670,41,trailer
1088,41,noon
83,41,backpack
933,40,line
401,40,courtyard
1553,40,structure
1746,40,view
1023,40,midnight
1732,40,van
725,40,hallway
526,40,duty
1040,39,model
397,38,couple
313,38,city
1497,38,space
1545,38,story
345,38,color
1617,38,thank
268,38,case
343,37,college
1793,37,wire
1713,37,underground
1785,36,wife
1054,36,mount
1794,36,witness
1472,35,size
934,35,link
710,35,guard
540,34,employee
1391,34,scaffolding
1523,34,staircase
1327,34,rest
659,33,garden
1446,33,shirt
783,33,hotel
943,33,lobby
1047,32,month
918,32,level
1556,32,student
124,32,bell
669,32,gear
1668,32,traffic
1229,32,port
728,32,hand
814,32,info
972,32,mall
780,32,hospital
1187,31,pickup
112,31,beach
1444,31,shimano
607,31,fitness
1469,31,site
837,31,item
303,31,church
1339,31,rim
761,30,hitch
1217,30,point
792,30,hub
352,30,community
176,30,box
1535,30,stem
1026,30,min
1697,30,trunk
468,30,description
1323,30,resident
964,29,lunch
257,28,carbon
22,28,address
429,28,custom
237,28,cafe
1663,28,trace
1779,27,west
1610,27,tenant
597,27,field
254,27,cap
323,26,clip
1058,26,movie
1460,26,sight
1362,26,roommate
1464,26,signpost
224,25,burnside
511,25,drive
570,25,eye
851,25,job
907,25,left
562,25,evidence
1131,25,paint
1536,24,step
1541,24,stop
382,24,cookies
442,24,date
1113,24,orange
300,24,choice
80,24,avenue
797,24,husband
492,24,division
1577,24,suspect
742,24,hawthorne
724,24,hall
177,24,boy
444,24,daughter
995,23,max
1232,23,portland
1711,23,ulock
1558,23,stuff
505,23,downstairs
191,23,bridge
1414,23,secure
1816,23,yamhill
296,23,child
917,23,lettering
495,23,dog
567,22,exit
148,22,bldg
265,22,carrier
872,22,kind
1206,22,plastic
1525,22,stairwell
146,22,black
1412,22,second
676,22,girlfriend
218,22,burglar
1136,22,pannier
1426,21,set
1691,21,trip
363,21,computer
1199,21,pipe
178,21,boyfriend
206,21,buck
1421,21,serial
104,21,baseball
1302,21,red
1618,21,theater
655,21,game
1451,21,shopping
903,21,lawn
1226,20,pool
355,20,company
11,20,accent
832,20,iron
955,20,loop
1127,20,pack
1581,20,sw
776,20,hook
1378,19,sale
510,19,drink
1372,19,rv
1758,19,walking
807,19,incident
1796,19,wood
1106,19,officer
1242,18,power
893,18,lamp
895,18,landing
906,18,leather
1615,18,test
673,18,giant
1122,18,overnight
840,18,jacket
55,18,approx
1401,18,scratch
1730,18,value
258,18,card
1443,18,shifter
1434,18,shape
143,18,bit
360,18,component
154,17,blvd
707,17,group
1276,17,race
1286,17,rake
1424,17,service
1180,17,phone
353,17,commuter
405,17,craigslist
846,17,jean
754,17,help
1114,17,order
13,17,accessory
580,17,family
1299,16,recovery
413,16,crime
960,16,love
573,16,face
1783,16,white
1825,16,yoga
1718,16,university
1677,16,transportation
560,16,event
1312,16,release
1682,16,trek
1824,16,yesterday
226,16,bush
351,16,combo
741,16,hat
372,16,contact
682,16,gold
1174,16,period
1201,16,pizza
52,16,appartment
302,15,chrome
21,15,addition
1821,15,yellow
1184,15,pic
1128,15,pad
325,15,closet
61,15,arm
538,15,email
1766,15,waterfront
1546,15,strap
1017,15,metro
802,15,idea
1524,15,stairway
806,15,inch
1341,15,ring
1669,15,trail
1557,15,studio
1031,15,mins
1509,14,spoke
491,14,district
440,14,damage
1052,14,motorcycle
136,14,bikerack
516,14,drop
1552,14,stripe
64,14,art
336,14,code
975,14,manager
743,14,head
1154,14,path
765,14,hole
1602,14,tba
406,14,crank
1488,14,somebody
1268,14,pump
811,14,individual
1149,14,party
1609,14,telephone
1675,14,transit
381,14,conviction
630,13,form
896,13,landlord
512,13,driver
1475,13,skin
1137,13,pant
435,13,cycle
1759,13,walkway
402,13,cover
1447,13,shock
488,13,disk
1708,13,type
789,13,housing
998,13,meal
919,13,lever
1538,13,stock
1728,13,valet
925,13,life
367,13,condominium
1621,13,theif
1109,13,opener
703,13,grinder
1719,13,unknown
1345,12,river
1270,12,purchase
1559,12,style
1043,12,moment
574,12,facility
1096,12,nw
1678,12,trash
1574,12,sure
1573,12,support
486,12,disc
1098,12,object
1647,12,toe
45,12,aluminum
110,12,battery
209,12,build
466,12,derailleur
116,12,beard
422,12,cruiser
386,12,cord
364,12,concert
195,12,broadway
127,12,bench
159,12,body
54,12,appreciation
332,12,cm
244,12,camper
399,12,court
1771,12,web
451,12,decal
48,12,angle
1448,12,shoe
1685,11,triangle
968,11,maintenance
82,11,baby
330,11,club
549,11,entryway
371,11,construction
192,11,briefly
430,11,customer
1726,11,utility
1452,11,short
1654,11,total
649,11,ft
1296,11,receipt
1660,11,tower
1292,11,rd
394,11,couch
585,11,feature
982,11,mark
966,11,mail
1002,11,mechanism
847,11,jeep
1145,11,parkade
1442,11,shift
1004,11,medium
1578,11,suspension
1066,11,museum
1585,11,table
1086,11,noise
1590,11,tail
993,11,matte
113,11,beam
1352,11,robbery
1403,11,screw
198,11,brother
327,10,clothe
1255,10,process
1716,10,union
274,10,ceiling
1167,10,pearl
674,10,gift
58,10,apt
658,10,garbage
871,10,killingsworth
1252,10,privacy
1295,10,rec
417,10,cross
1068,10,mustache
102,10,bart
1337,10,rider
1418,10,sellwood
774,10,hoodie
1664,10,track
626,10,force
412,10,creek
398,10,course
1572,10,supermarket
609,10,flag
14,10,accident
1152,10,passenger
30,10,age
1521,10,staff
1211,10,plaza
1518,10,sram
804,10,image
1800,10,worker
1727,10,vacation
1749,9,vintage
1265,9,public
187,9,breezeway
1440,9,shell
1500,9,spd
1629,9,thought
1176,9,perpetrator
750,9,heart
324,9,clipless
76,9,auto
1207,9,plate
1208,9,platform
1042,9,mom
409,9,crate
1810,9,writing
103,9,base
675,9,girl
62,9,arrest
1600,9,tavern
141,9,bin
1231,9,portion
70,9,attachment
1608,9,teenager
95,9,bank
696,9,green
1249,9,print
663,9,gas
72,9,attempt
950,9,loft
1244,9,premise
309,9,circle
767,9,holiday
266,9,cart
378,9,convention
939,9,living
463,9,depend
1307,9,reflector
1353,9,rock
490,9,distance
25,9,adult
1309,9,registration
459,9,delivery
1005,9,meeting
411,9,credit
520,9,dude
483,8,direction
712,8,guest
816,8,infront
1762,8,warehouse
1380,8,salon
916,8,letter
1020,8,mid
875,8,kiss
391,8,corridor
953,8,look
74,8,attention
493,8,dock
961,8,lovejoy
634,8,foyer
384,8,cop
1241,8,powell
799,8,hybrid
1828,8,yr
867,8,kickstand
1725,8,use
553,8,errand
373,8,container
988,8,master
791,8,hrs
1067,8,music
1798,8,word
1254,8,problem
1772,8,website
984,8,marking
1097,8,oak
179,8,bracket
836,8,issue
942,8,loan
746,8,headset
594,8,fiance
744,8,headlamp
889,8,ladder
1112,8,opportunity
615,8,flight
876,8,kit
951,8,logo
251,8,canopy
1264,8,pub
539,8,emergency
733,8,hanger
1288,8,ramp
1194,7,pillar
438,7,cyclocross
1216,7,pod
1582,7,sweatshirt
1090,7,north
787,7,housemate
758,7,hill
731,7,handrail
1161,7,pay
947,7,locked
333,7,coat
1468,7,sister
190,7,brick
1441,7,shelter
745,7,headlight
702,7,grill
260,7,care
1210,7,playground
782,7,hostel
342,7,collection
308,7,cinema
1586,7,tabor
1689,7,trim
94,7,banister
1037,7,mistake
897,7,lane
877,7,kitchen
1192,7,pier
1377,7,safeway
1175,7,perp
1197,7,pine
213,7,bullhorn
1490,7,sort
1722,7,upstair
425,7,cup
1398,7,science
652,7,future
1595,7,target
125,7,belmont
1656,7,tour
288,7,chair
1438,7,shed
618,7,foam
390,7,corral
1801,7,working
1413,7,section
1028,7,mini
1049,7,morrison
1564,7,suite
1258,7,proof
36,7,alarm
128,7,bent
1797,7,woodstock
589,7,fencing
1399,7,scooter
233,7,cab
1531,7,state
469,7,design
681,7,glove
595,7,fiber
404,7,craft
1030,7,minivan
670,7,gel
250,7,cannondale
470,7,desk
680,7,glisan
1365,7,round
1143,7,parent
1386,7,saturday
1165,6,pdx
766,6,holgate
952,6,lombard
1402,6,screen
1744,6,victim
465,6,derailer
139,6,biking
158,6,boat
1596,6,tarp
881,6,knowledge
839,6,jack
109,6,bathroom
827,6,internet
1094,6,notice
790,6,hr
1529,6,staple
1166,6,peace
270,6,cassette
800,6,ice
6,6,30
803,6,identification
1351,6,roadside
294,6,check
462,6,department
1592,6,talk
215,6,bunch
518,6,drug
290,6,chance
98,6,barn
523,6,duplex
1093,6,note
42,6,alleyway
277,6,cement
977,6,manor
923,6,license
690,6,grass
1551,6,strip
614,6,flex
679,6,glass
1371,6,rust
423,6,ct
677,6,giro
1704,6,tv
1235,6,possession
1495,6,southeast
885,6,lab
1239,6,pound
400,6,courthouse
1016,6,method
1723,6,upstairs
914,6,lesson
1652,6,tooth
660,6,gargage
385,6,copper
34,6,air
197,6,brook
654,6,gallery
584,6,fault
164,6,book
651,6,furniture
393,6,cottage
1568,6,sunday
1422,6,series
392,6,cost
931,6,lime
989,6,masterlock
902,6,law
339,6,coil
1170,6,pedestrian
1687,6,tricycle
1171,6,peg
1330,6,restroom
537,6,elevator
1172,6,pen
890,6,lady
737,6,hardware
734,6,hanging
188,6,brewery
181,6,branch
231,6,bystander
1039,6,mode
1325,6,respect
1516,6,square
1072,6,neck
593,6,festival
410,6,cream
544,6,enter
1363,6,rope
1036,6,mission
980,6,marina
23,6,admin
447,6,dc
477,6,diamondback
1636,6,ticket
500,5,doorstep
1370,5,rush
1598,5,tattoo
850,5,jo
1079,5,neon
1051,5,motor
1070,5,navy
1583,5,swimming
892,5,lake
1034,5,mirror
1587,5,taco
873,5,king
1375,5,saddlebag
1792,5,winter
1580,5,suv
1555,5,stud
474,5,device
1397,5,schwinn
904,5,lb
908,5,leg
994,5,matter
246,5,camping
271,5,cat
1060,5,mud
1092,5,nose
1368,5,rubber
167,5,booth
261,5,cargo
1162,5,payday
1376,5,safety
688,5,grade
420,5,crow
1778,5,weight
421,5,crowbar
976,5,manner
1009,5,men
1305,5,reference
1230,5,portch
558,5,eve
1427,5,setup
974,5,management
843,5,jamis
437,5,cyclist
1318,5,repair
1319,5,replacement
1213,5,pliers
1321,5,request
356,5,compartment
348,5,column
1635,5,thursday
1185,5,pick
1410,5,seatpost
1491,5,soul
35,5,airport
1298,5,record
1012,5,message
44,5,alot
602,5,finder
603,5,finish
407,5,crankset
47,5,anchor
1272,5,quality
1379,5,salmon
613,5,flat
403,5,coworker
617,5,flower
625,5,football
587,5,female
1662,5,townhouse
581,5,farmer
1672,5,trainer
576,5,factory
646,5,fron
575,5,fact
341,5,colleague
1182,5,photograph
87,5,badge
1130,5,page
1025,5,milk
1342,5,riser
1148,5,partner
1614,5,terrace
460,5,dent
1613,5,terminal
1567,5,sun
507,5,downtube
812,5,indoors
464,5,depot
19,5,ad
1607,5,teen
1605,5,team
829,5,interstate
186,5,breaking
1108,5,op
216,5,bungee
834,5,ish
217,5,burger
1100,5,occupant
965,5,madison
1420,5,sensor
1707,5,ty
1747,5,village
1024,5,mile
990,5,mat
1520,5,stadium
532,5,edge
93,5,band
752,5,height
1688,5,trike
759,5,hinge
16,5,account
15,5,accomplice
322,5,clinic
319,5,clean
1622,5,theife
599,5,file
1417,5,seller
1526,5,stall
1204,5,planet
1008,4,memory
183,4,bread
185,4,breakfast
1035,4,missing
1423,4,server
173,4,bound
1179,4,pet
84,4,backseat
1510,4,sport
67,4,ass
1234,4,position
1507,4,splash
1238,4,pouch
1382,4,sandwich
1248,4,price
1256,4,profile
51,4,apex
1273,4,quarter
1496,4,southwest
38,4,albertson
1301,4,recycling
1303,4,redline
1304,4,reel
1310,4,rei
1317,4,rental
1484,4,snow
1333,4,retail
8,4,7th
1827,4,youth
1359,4,rooftop
1829,4,zip
1367,4,row
89,4,bagel
1177,4,perps
1787,4,william
1807,4,worth
1053,4,motorhome
1056,4,mountainbike
1473,4,skewer
1074,4,neg
1791,4,wing
1082,4,news
156,4,board
1544,4,storm
155,4,bmx
152,4,blog
142,4,birthday
1102,4,odometer
1104,4,offer
140,4,bile
1107,4,oh
135,4,biker
1123,4,overpass
120,4,bedroom
1533,4,stay
111,4,bay
1139,4,paper
107,4,basketball
1385,4,satisfaction
1806,4,worn
999,4,mean
1173,4,performance
1770,4,weather
1830,4,zone
579,4,fall
395,4,country
396,4,county
291,4,change
408,4,crash
830,4,intruder
598,4,figure
1721,4,upside
1757,4,walk
280,4,centre
1637,4,tie
583,4,father
276,4,cellar
1686,4,triathlon
572,4,fabric
1673,4,tram
1588,4,tact
1676,4,transport
436,4,cycling
887,4,labor
900,4,latch
1579,4,suspicion
1,4,100
1463,4,signal
245,4,campground
1612,4,tent
1753,4,visitor
796,4,hurry
633,4,fountain
349,4,com
362,4,compound
700,4,grey
1639,4,tillamook
1644,4,titanium
1645,4,title
1454,4,shoulder
377,4,convenience
729,4,handicap
735,4,happiness
671,4,generator
748,4,health
328,4,clothing
1742,4,vestibule
667,4,gatorskin
1436,4,shaver
665,4,gated
317,4,classroom
387,4,cork
642,4,friday
301,4,chopstick
1751,4,visibility
795,4,hunt
243,4,camp
709,4,gt
920,4,leverage
528,4,east
473,4,development
937,4,list
207,4,buddy
489,4,display
467,4,deschute
517,4,dropout
935,4,lip
455,4,del
1562,4,subway
992,4,mate
954,4,lookout
522,4,dumpster
450,4,debris
1699,4,tubeless
979,4,march
1470,4,situation
1703,4,turn
969,4,make
924,4,lid
503,4,dormitory
501,4,doorway
1565,4,summer
484,4,dirt
1450,3,shopper
1505,3,spider
632,3,foster
1245,3,prescott
1260,3,prosecution
1705,3,tweaker
494,3,doctor
508,3,dozen
1357,3,rontom
1356,3,rod
1354,3,rocket
1246,3,present
638,3,fraternity
1381,3,san
1655,3,touch
1257,3,program
1411,3,seattle
666,3,gateway
637,3,francisco
1502,3,speedometer
644,3,friendship
1253,3,pro
645,3,frog
672,3,gentleman
472,3,deterrent
1222,3,polo
481,3,dings
1431,3,shadow
358,3,complaint
1515,3,sprocket
1407,3,season
1514,3,spring
1476,3,sks
1383,3,santa
73,3,attendant
71,3,attack
694,3,gray
1512,3,spray
1221,3,poll
69,3,atm
1409,3,seating
1643,3,tires
1366,3,route
66,3,ash
375,3,contractor
685,3,goodwill
1648,3,tomorrow
487,3,discovery
1812,3,x2
2,3,14
1508,3,spokane
1649,3,ton
1262,3,psu
1724,3,usd
1261,3,protector
1499,3,span
53,3,appointment
10,3,abus
1313,3,remaining
1819,3,ye
1311,3,relative
556,3,escape
1818,3,yds
428,3,cushion
1674,3,transaction
1487,3,soma
566,3,exercise
569,3,extension
571,3,eyewitness
419,3,crosswalk
418,3,crossbar
1297,3,recognition
31,3,agent
1316,3,rent
509,3,drainpipe
541,3,enclosure
1485,3,soccer
1328,3,restaraunt
534,3,effort
530,3,eating
1326,3,response
448,3,deadbolt
543,3,engineering
551,3,equipment
1822,3,yepp
529,3,eastside
1684,3,tri
1683,3,trespassing
441,3,dark
439,3,dad
577,3,faculty
1709,3,uhaul
1294,3,reason
1271,3,purpose
605,3,firework
1667,3,trader
1275,3,quick
608,3,fixie
1666,3,trade
611,3,flannel
1815,3,yakima
582,3,fashion
612,3,flashlight
619,3,fob
1706,3,twin
17,3,ace
620,3,folding
1350,3,roadbike
1278,3,racj
601,3,film
1280,3,radius
1480,3,slice
43,3,alloy
1347,3,riverstone
592,3,fest
39,3,albina
591,3,ferry
1493,3,source
1346,3,riverplace
7,3,45
1289,3,range
1481,3,slip
1482,3,smile
1492,3,sound
1695,3,trp
1290,3,rate
201,3,brunch
75,3,authority
882,3,kona
1078,3,neighbourhood
161,3,boltcutter
888,3,ladd
262,3,carpark
1073,3,need
1071,3,near
255,3,capitol
1069,3,nature
253,3,canvas
905,3,leaf
913,3,leopard
1790,3,wine
1549,3,streetcar
1062,3,mugging
1061,3,mudguard
1059,3,mtn
1550,3,stretch
884,3,la
1081,3,net
166,3,boot
878,3,kitty
1101,3,ocean
1601,3,taylor
1599,3,tattoos
147,3,blanket
848,3,jefferson
855,3,johnson
275,3,celeste
857,3,juice
859,3,junker
865,3,keypad
1589,3,tag
1089,3,nordstrom
1439,3,shelf
1087,3,non
1085,3,nite
870,3,killer
1083,3,newseason
165,3,bookstore
1767,3,wave
1202,3,pl
1027,3,mind
214,3,bumper
1021,3,midday
212,3,bulding
208,3,budget
1018,3,meyer
193,3,brink
978,3,manufacturer
1445,3,shipping
1013,3,messenger
985,3,marriott
1010,3,mercer
987,3,mass
1006,3,member
204,3,btw
1390,3,scaffold
997,3,mcmenamin
1001,3,mechanic
963,3,luggage
959,3,lounge
1769,3,wear
958,3,lotse
1050,3,mother
168,3,border
1789,3,windshield
1571,3,super
230,3,button
229,3,butterfly
1786,3,wifes
175,3,bowl
1569,3,sunglass
938,3,listing
940,3,load
941,3,loading
223,3,burning
1774,3,wedding
1775,3,wednesday
949,3,lockup
956,3,loss
841,3,jail
281,3,century
1756,3,walgreen
1628,3,thirty
334,3,coating
90,3,bakery
732,3,handshake
736,3,hardtail
738,3,harold
1466,3,single
1740,3,version
1457,3,shut
1739,3,venue
756,3,highschool
760,3,history
318,3,claudia
770,3,homeowner
1160,3,pawn
315,3,clamp
1157,3,patron
726,3,halsey
85,3,backspace
775,3,hoody
1193,3,pile
711,3,guess
77,3,avail
1198,3,pinhead
714,3,gun
1196,3,pin
1195,3,pilot
1406,3,search
1405,3,sea
1458,3,shuttle
78,3,avalon
1190,3,pie
1808,3,wrap
1188,3,picnic
1736,3,velocity
1000,3,measure
721,3,hacksaw
1604,3,teal
1803,3,workout
312,3,citizen
122,3,belief
289,3,champagne
1124,3,owl
821,3,inspection
1606,3,tear
1121,3,overhead
824,3,insurance
826,3,interior
1118,3,outlet
129,3,beverage
286,3,chainring
131,3,bianchi
132,3,bick
831,3,invasion
1540,3,stollen
137,3,bikeroom
138,3,bikes
1755,3,wagon
777,3,hoop
1126,3,ownership
118,3,beaverton
1141,3,parade
779,3,horn
307,3,cinelli
1748,3,vineyard
1616,3,text
108,3,bastard
813,3,industry
299,3,chocolate
1752,3,visit
801,3,id
1135,3,panier
293,3,charger
808,3,incline
809,3,income
292,3,charge
720,3,hack
1461,2,sighting
1456,2,showroom
1471,2,sixer
1474,2,skill
1467,2,singlespeed
1632,2,threw
1477,2,sky
1478,2,sleeping
1735,2,velcro
1733,2,veggies
1731,2,valve
1729,2,valley
1720,2,upgrade
1715,2,underwear
1714,2,underside
1712,2,ultegra
1710,2,uk
1702,2,tune
1701,2,tumbler
1700,2,tuesday
1694,2,trouble
1693,2,trolley
1692,2,triplex
1690,2,trimet
1680,2,tray
1737,2,velodrome
1738,2,vendetta
1741,2,vest
1784,2,wholefood
1826,2,yogurt
1814,2,xt
1813,2,x7
1811,2,wwu
1809,2,wrapping
1805,2,workshop
1802,2,workman
1782,2,whereabouts
1743,2,vicinity
1781,2,wheelchair
1773,2,webster
1764,2,watch
1763,2,warning
1761,2,wallet
1754,2,voodoo
1750,2,vinyl
1679,2,travel
1665,2,tracking
1659,2,tow
1517,2,squirt
1563,2,suggestion
1561,2,suburb
1560,2,sub
1554,2,stucki
1547,2,streak
1530,2,start
1528,2,standing
1513,2,spree
1570,2,sunlight
1506,2,spike
1504,2,spending
1503,2,speedplay
1498,2,spacer
1486,2,society
1483,2,sneaker
1479,2,sleeve
1566,2,sumner
1576,2,sushi
1658,2,tourist
1631,2,thread
1657,2,touring
1653,2,topper
1650,2,tonight
1641,2,tinyurl
1638,2,tiki
1634,2,thur
1633,2,thug
1630,2,thousand
1584,2,syracuse
1625,2,thiefe
1623,2,therapy
1619,2,theatre
1611,2,tension
1597,2,taste
1593,2,tandem
1591,2,taillight
1455,2,showing
0,2,00pm
1453,2,shot
478,2,difference
453,2,degree
454,2,dekum
456,2,delaware
457,2,delay
458,2,delight
461,2,dentist
471,2,detective
475,2,dial
476,2,diamond
479,2,digit
443,2,datum
480,2,diner
485,2,disbelief
497,2,donut
499,2,doors
504,2,dove
513,2,driveside
514,2,drivetrain
519,2,duct
521,2,dumbass
449,2,deal
434,2,cx9
1437,2,shaving
376,2,control
346,2,colors
347,2,columbia
354,2,companion
357,2,compensation
361,2,compost
368,2,conference
369,2,confine
370,2,confluence
374,2,content
379,2,conversation
433,2,cx
380,2,conversion
383,2,coor
388,2,corn
414,2,criminal
415,2,criterium
416,2,crook
424,2,culprit
426,2,cupcake
427,2,curb
524,2,dura
525,2,durango
527,2,dwight
650,2,fuji
627,2,forest
628,2,forgot
631,2,formula
636,2,framing
639,2,fraud
640,2,freeway
641,2,freewheel
647,2,fruit
648,2,fry
653,2,galaxy
531,2,ebike
656,2,garagae
661,2,garodge
662,2,gary
668,2,gatos
678,2,gladstone
684,2,goodness
686,2,grab
687,2,grace
689,2,graduate
621,2,folk
610,2,flander
606,2,fit
604,2,fir
533,2,education
535,2,egg
536,2,eggbeater
545,2,enterprise
546,2,entirety
550,2,enve
552,2,ergo
554,2,error
555,2,escalator
557,2,esplanade
561,2,evergreen
563,2,evolution
564,2,ex
565,2,exchange
568,2,expense
578,2,faith
586,2,feeling
596,2,fiberglas
600,2,filing
344,2,colony
340,2,collage
337,2,coffe
130,2,bhance
97,2,barber
99,2,barrel
100,2,barricade
101,2,barrier
114,2,beanie
115,2,bear
117,2,beater
123,2,believe
126,2,belonging
144,2,bitch
189,2,brewing
145,2,bite
149,2,bleacher
150,2,blinker
157,2,boardwalk
162,2,bond
163,2,bontrager
169,2,borrower
170,2,boss
172,2,bought
92,2,ball
81,2,axle
68,2,asshole
65,2,artwork
3,2,20
4,2,20s
5,2,25
9,2,ability
18,2,act
20,2,adapter
24,2,administration
26,2,advantage
27,2,aero
28,2,aerobar
32,2,aid
33,2,ainsworth
37,2,alberta
40,2,alcohol
49,2,annex
56,2,appt
57,2,appx
59,2,architecture
63,2,arrival
174,2,bow
194,2,bro
335,2,cockpit
304,2,cigarette
273,2,cctv
278,2,cent
282,2,certificate
284,2,chainlink
285,2,chainlock
287,2,chainstay
295,2,cheesecake
297,2,children
298,2,chip
305,2,cinder
196,2,broken
306,2,cinderblock
310,2,circuit
311,2,circumstance
314,2,clackamas
320,2,cleaner
321,2,clicker
326,2,cloth
329,2,cloud
331,2,clubhouse
272,2,cc
267,2,cascade
264,2,carrera
259,2,cardboard
199,2,brownstone
200,2,browny
202,2,brute
203,2,bryant
205,2,btwn
211,2,built
220,2,burglery
221,2,burgundy
222,2,burley
228,2,butte
232,2,c24
234,2,cabinet
236,2,cadence
239,2,caltrain
240,2,cam
241,2,camel
247,2,campsite
249,2,canal
252,2,cantilever
691,2,gratefullness
693,2,gravel
695,2,greatfulness
1212,2,plex
1159,2,pavilion
1163,2,pb
1164,2,pd
1169,2,pedals
1183,2,physics
1186,2,picking
1200,2,pit
1205,2,plank
1209,2,play
1214,2,plum
1251,2,prison
1220,2,policeman
1224,2,pond
1225,2,ponytail
1227,2,pop
1233,2,portsmouth
1236,2,possibility
1240,2,pourch
1243,2,practice
1247,2,pressure
1158,2,pattern
1156,2,patrol
1153,2,past
1151,2,passcode
1077,2,neighbour
1080,2,nephew
1091,2,northrup
1099,2,occasion
1103,2,odyssey
1110,2,operation
1111,2,opinion
1115,2,ortlieb
1116,2,oury
1117,2,outfitter
1120,2,outsider
1132,2,painter
1133,2,palmer
1134,2,panhandler
1138,2,pantry
1140,2,paperwork
1142,2,parallel
1147,2,parkway
1150,2,pass
1250,2,priority
1263,2,pt
1064,2,multus
1400,2,scrap
1369,2,rule
1373,2,sac
1384,2,saratoga
1387,2,saver
1388,2,saw
1389,2,sawing
1392,2,scenario
1394,2,schedule
1395,2,scheme
1404,2,scumbag
1266,2,pull
1416,2,self
1419,2,semester
1425,2,session
1428,2,sewer
1429,2,shack
1430,2,shade
1432,2,shaft
1433,2,shake
1435,2,share
1364,2,roulette
1361,2,roomate
1355,2,rockrider
1348,2,rivet
1267,2,pulley
1269,2,puncture
1277,2,racer
1281,2,rafter
1284,2,railling
1285,2,rain
1287,2,raleigh
1291,2,ray
1300,2,recreation
1306,2,reflection
1308,2,reg
1314,2,remember
1315,2,remnant
1324,2,resort
1331,2,resturaunt
1332,2,result
1340,2,rims
1343,2,riteaid
1344,2,rival
1065,2,muscle
1063,2,multnomah
697,2,greenhouse
819,2,inquiry
781,2,host
786,2,household
788,2,housework
794,2,humanity
798,2,hwy
805,2,impulse
810,2,indication
817,2,initial
818,2,inn
822,2,installation
853,2,john
823,2,instruction
825,2,integrity
833,2,irving
835,2,island
838,2,ivanhoe
842,2,jake
844,2,javier
845,2,jaw
849,2,jerk
778,2,hop
773,2,hood
772,2,honor
771,2,honey
698,2,greenlake
699,2,gresham
701,2,greyhound
708,2,grove
713,2,guitar
715,2,gunpoint
716,2,gut
717,2,gutter
727,2,hammer
739,2,hasp
740,2,haste
747,2,healing
749,2,hearing
751,2,heavyset
755,2,hidden
757,2,highway
762,2,hockey
763,2,hold
768,2,hollywood
852,2,jogger
854,2,johns
1057,2,mountainsmith
996,2,maximum
932,2,lincoln
936,2,liquor
944,2,local
962,2,lube
967,2,mailbox
971,2,malfunctioning
981,2,mariner
986,2,mason
991,2,match
1003,2,medal
856,2,joy
1007,2,memorial
1011,2,merchandise
1019,2,michael
1029,2,minimum
1032,2,mint
1038,2,mlk
1041,2,modification
1044,2,monday
1046,2,monkey
930,2,likely
929,2,lightpole
928,2,lightning
927,2,lighting
858,2,jumper
860,2,justice
861,2,kaiser
863,2,kearney
866,2,khakis
869,2,kiddo
874,2,kiosk
879,2,knife
880,2,knott
886,2,label
891,2,lair
894,2,land
898,2,laptop
899,2,large
909,2,lemond
910,2,lender
911,2,length
912,2,lent
921,2,liberty
915,2,let
